LOT_NO,feature,mean_abs_shap
HYM30,건조로_온도_1_Zone_mean,9.189587593078613e-05
HYM30,소입로_온도_4_Zone_mean,6.835855007171631e-05
HYM30,솔트_컨베이어_온도_2_Zone_std,2.6378712654113768e-05
HYM30,건조로_온도_1_Zone_max,2.459355592727661e-05
HYM30,소입로_온도_3_Zone_mean,2.4552862644195556e-05
HYM30,소입로_온도_4_Zone_range,2.3172543048858642e-05
HYM30,소입로_온도_4_Zone_max,1.6592384576797484e-05
HYM30,건조로_온도_2_Zone_range,1.6223312616348268e-05
HYM30,소입로_CP_값_max,1.5174432992935181e-05
HYM30,소입로_온도_2_Zone_max,1.025025486946106e-05
HZA01,소입로_CP_값_mean,7.129151344299317e-05
HZA01,소입로_온도_4_Zone_mean,2.24877667427063e-05
HZA01,건조로_온도_2_Zone_range,2.0715184211730956e-05
HZA01,소입로_온도_3_Zone_mean,1.8858128786087038e-05
HZA01,소입로_온도_4_Zone_min,1.8202619552612304e-05
HZA01,솔트_컨베이어_온도_2_Zone_std,1.701481819152832e-05
HZA01,솔트조_온도_1_Zone_mean,1.5148597955703735e-05
HZA01,소입로_온도_4_Zone_range,1.4126074314117431e-05
HZA01,솔트조_온도_2_Zone_range,1.3510231971740723e-05
HZA01,소입로_온도_4_Zone_std,1.2257108688354493e-05
HZA02,소입로_온도_1_Zone_std,3.94992995262146e-05
HZA02,소입로_온도_4_Zone_mean,2.8688781261444092e-05
HZA02,소입로_온도_3_Zone_mean,2.7893099784851076e-05
HZA02,솔트조_온도_1_Zone_std,2.7808775901794432e-05
HZA02,소입로_온도_4_Zone_min,2.2098312377929687e-05
HZA02,소입로_온도_4_Zone_max,2.088745355606079e-05
HZA02,건조로_온도_2_Zone_range,2.052711009979248e-05
HZA02,소입로_온도_4_Zone_range,1.6333051919937135e-05
HZA02,소입로_온도_2_Zone_max,1.0289300680160523e-05
HZA02,솔트조_온도_1_Zone_mean,9.97998058795929e-06
HZA05,소입로_CP_값_mean,5.267939567565918e-05
HZA05,소입로_온도_4_Zone_mean,3.685582160949707e-05
HZA05,소입로_온도_3_Zone_mean,2.7424006462097168e-05
HZA05,건조로_온도_2_Zone_range,1.8375527858734132e-05
HZA05,소입로_온도_1_Zone_max,1.632701873779297e-05
HZA05,소입로_온도_4_Zone_min,1.5802438259124757e-05
HZA05,소입로_온도_4_Zone_range,1.4844706058502197e-05
HZA05,소입로_온도_4_Zone_std,1.247874140739441e-05
HZA05,건조로_온도_2_Zone_mean,1.1022721529006958e-05
HZA05,소입로_온도_2_Zone_max,1.0299481153488159e-05
HZA06,소입로_온도_4_Zone_mean,3.51579999923706e-05
HZA06,소입로_온도_3_Zone_mean,2.610793113708496e-05
HZA06,소입로_온도_4_Zone_max,2.0886449813842772e-05
HZA06,건조로_온도_2_Zone_range,2.0733962059020996e-05
HZA06,소입로_온도_4_Zone_min,1.9710015058517454e-05
HZA06,소입로_온도_3_Zone_min,1.962423801422119e-05
HZA06,소입로_온도_4_Zone_range,1.8950191736221314e-05
HZA06,소입로_온도_1_Zone_max,1.3260105848312378e-05
HZA06,세정기_std,1.1712954044342041e-05
HZA06,솔트조_온도_1_Zone_mean,1.0151740312576294e-05
HZA07,소입로_온도_1_Zone_std,4.1076369285583494e-05
HZA07,소입로_온도_4_Zone_mean,3.758663177490234e-05
HZA07,소입로_온도_4_Zone_max,2.0930094718933107e-05
HZA07,소입로_온도_4_Zone_min,2.049409627914429e-05
HZA07,소입로_CP_값_max,2.02315092086792e-05
HZA07,소입로_온도_3_Zone_mean,1.9810773134231567e-05
HZA07,건조로_온도_2_Zone_range,1.8258742094039915e-05
HZA07,건조로_온도_1_Zone_std,1.407643437385559e-05
HZA07,소입로_온도_4_Zone_range,1.3226422071456908e-05
HZA07,솔트조_온도_2_Zone_std,1.0490775108337402e-05
HZA08,소입로_온도_4_Zone_mean,0.00028154125213623047
HZA08,건조로_온도_1_Zone_max,9.139849662780761e-05
HZA08,소입로_온도_2_Zone_mean,3.6551547050476075e-05
HZA08,솔트조_온도_1_Zone_std,3.0768611431121825e-05
HZA08,소입로_온도_4_Zone_max,2.0449874401092528e-05
HZA08,소입로_온도_4_Zone_min,1.9962414503097535e-05
HZA08,소입로_온도_3_Zone_mean,1.8612488508224487e-05
HZA08,건조로_온도_2_Zone_range,1.5341490507125854e-05
HZA08,소입로_온도_4_Zone_range,1.4874728918075562e-05
HZA08,건조로_온도_1_Zone_mean,1.411120891571045e-05
HZA09,소입로_온도_1_Zone_std,3.5274817943572995e-05
HZA09,소입로_온도_4_Zone_mean,2.963721513748169e-05
HZA09,건조로_온도_2_Zone_range,2.5330588817596436e-05
HZA09,소입로_온도_4_Zone_max,2.4395022392272948e-05
HZA09,솔트조_온도_1_Zone_mean,2.2863085269927977e-05
HZA09,소입로_온도_3_Zone_mean,2.1329991817474367e-05
HZA09,소입로_온도_4_Zone_min,1.7795610427856444e-05
HZA09,소입로_온도_4_Zone_range,1.7021338939666747e-05
HZA09,솔트조_온도_2_Zone_std,1.098102331161499e-05
HZA09,솔트조_온도_1_Zone_std,9.81037974357605e-06
HZA10,솔트_컨베이어_온도_2_Zone_std,3.84809684753418e-05
HZA10,솔트조_온도_1_Zone_mean,3.193767309188843e-05
HZA10,건조로_온도_2_Zone_mean,2.9778831005096436e-05
HZA10,솔트조_온도_1_Zone_std,2.7912702560424804e-05
HZA10,소입로_온도_4_Zone_mean,2.3260986804962157e-05
HZA10,소입로_온도_4_Zone_min,2.3231680393218995e-05
HZA10,소입로_온도_4_Zone_max,1.752128005027771e-05
HZA10,건조로_온도_2_Zone_range,1.6843498945236206e-05
HZA10,소입로_온도_3_Zone_mean,1.471181035041809e-05
HZA10,솔트조_온도_2_Zone_std,1.4648603200912475e-05
HZA11,소입로_온도_1_Zone_std,3.94394850730896e-05
HZA11,소입로_온도_3_Zone_mean,3.180256128311157e-05
HZA11,소입로_온도_4_Zone_mean,3.146813154220581e-05
HZA11,솔트조_온도_1_Zone_mean,3.0894806385040284e-05
HZA11,건조로_온도_2_Zone_range,2.567089557647705e-05
HZA11,솔트조_온도_1_Zone_std,2.480764627456665e-05
HZA11,소입로_온도_4_Zone_min,2.2309916019439696e-05
HZA11,소입로_온도_4_Zone_range,1.8308018445968628e-05
HZA11,소입로_온도_4_Zone_max,1.7311525344848634e-05
HZA11,솔트조_온도_2_Zone_std,9.291324615478516e-06
HZA14,소입로_온도_1_Zone_std,4.116232395172119e-05
HZA14,솔트조_온도_1_Zone_std,3.4676733016967774e-05
HZA14,소입로_온도_3_Zone_mean,3.3569915294647214e-05
HZA14,소입로_온도_4_Zone_mean,2.9608557224273683e-05
HZA14,솔트조_온도_1_Zone_mean,2.7036337852478026e-05
HZA14,건조로_온도_2_Zone_range,2.6401286125183107e-05
HZA14,소입로_온도_4_Zone_min,2.32384991645813e-05
HZA14,소입로_온도_4_Zone_range,2.2129864692687987e-05
HZA14,소입로_온도_4_Zone_max,1.5083327293395996e-05
HZA14,솔트조_온도_2_Zone_std,1.1066023111343384e-05
HZB02,솔트_컨베이어_온도_2_Zone_std,4.652862071990967e-05
HZB02,소입로_온도_4_Zone_mean,2.1691086292266846e-05
HZB02,건조로_온도_2_Zone_range,2.0802161693573e-05
HZB02,소입로_온도_3_Zone_min,2.0419073104858398e-05
HZB02,소입로_온도_4_Zone_min,1.9998258352279664e-05
HZB02,소입로_온도_3_Zone_mean,1.8709113597869873e-05
HZB02,소입로_온도_4_Zone_range,1.3672136068344116e-05
HZB02,솔트조_온도_2_Zone_range,1.347178339958191e-05
HZB02,솔트조_온도_1_Zone_mean,1.205129861831665e-05
HZB02,소입로_온도_4_Zone_max,1.1248338222503662e-05
HZB03,소입로_온도_4_Zone_mean,0.00018161556243896486
HZB03,건조로_온도_1_Zone_mean,2.4720232486724852e-05
HZB03,소입로_온도_3_Zone_mean,2.3765642642974853e-05
HZB03,솔트_컨베이어_온도_2_Zone_std,2.2303614616394044e-05
HZB03,솔트조_온도_1_Zone_std,2.1120634078979492e-05
HZB03,건조로_온도_1_Zone_min,1.8280935287475585e-05
HZB03,건조로_온도_1_Zone_max,1.7436158657073973e-05
HZB03,소입로_온도_4_Zone_range,1.6951063871383667e-05
HZB03,건조로_온도_2_Zone_range,1.625057101249695e-05
HZB03,솔트조_온도_2_Zone_std,1.5803472995758057e-05
HZB04,건조로_온도_2_Zone_range,0.0001573913097381592
HZB04,소입로_온도_1_Zone_std,3.9627237319946286e-05
HZB04,솔트_컨베이어_온도_2_Zone_std,3.324277400970459e-05
HZB04,건조로_온도_1_Zone_std,2.4140808582305908e-05
HZB04,소입로_온도_4_Zone_mean,2.014191389083862e-05
HZB04,소입로_온도_3_Zone_mean,1.673757314682007e-05
HZB04,소입로_온도_4_Zone_max,1.4896233081817626e-05
HZB04,소입로_온도_4_Zone_min,1.420756697654724e-05
HZB04,솔트조_온도_1_Zone_std,1.1788220405578613e-05
HZB04,솔트_컨베이어_온도_1_Zone_std,8.544611930847169e-06
HZB05,솔트_컨베이어_온도_2_Zone_std,6.700659275054932e-05
HZB05,소입로_CP_값_mean,6.192966461181641e-05
HZB05,건조로_온도_1_Zone_min,5.202275276184082e-05
HZB05,건조로_온도_2_Zone_mean,4.316181182861328e-05
HZB05,소입로_온도_4_Zone_mean,2.8427577018737794e-05
HZB05,솔트조_온도_1_Zone_min,2.1377787590026856e-05
HZB05,건조로_온도_1_Zone_mean,1.8494342565536497e-05
HZB05,소입로_온도_3_Zone_mean,1.7236673831939698e-05
HZB05,소입로_온도_4_Zone_min,1.6937673091888426e-05
HZB05,솔트조_온도_1_Zone_mean,1.4597740173339843e-05
HZB08,소입로_온도_4_Zone_mean,3.538294792175293e-05
HZB08,건조로_온도_2_Zone_range,2.115757703781128e-05
HZB08,소입로_온도_4_Zone_min,2.0193607807159425e-05
HZB08,소입로_온도_3_Zone_mean,1.5817834138870238e-05
HZB08,소입로_온도_4_Zone_range,1.5563664436340332e-05
HZB08,솔트조_온도_2_Zone_range,1.3591467142105103e-05
HZB08,솔트_컨베이어_온도_1_Zone_std,1.2604557275772095e-05
HZB08,소입로_온도_4_Zone_max,1.1344406604766846e-05
HZB08,건조로_온도_1_Zone_max,1.0574637651443482e-05
HZB08,솔트조_온도_1_Zone_mean,9.098949432373048e-06
HZB09,건조로_온도_2_Zone_range,0.00010176184654235839
HZB09,소입로_온도_4_Zone_mean,2.0580365657806398e-05
HZB09,소입로_온도_4_Zone_min,1.941797733306885e-05
HZB09,소입로_온도_3_Zone_mean,1.8540469408035278e-05
HZB09,건조로_온도_2_Zone_max,1.4215646982192993e-05
HZB09,소입로_온도_1_Zone_max,1.311346173286438e-05
HZB09,건조로_온도_1_Zone_std,1.2496672868728638e-05
HZB09,소입로_온도_4_Zone_max,1.1343940496444702e-05
HZB09,소입로_CP_값_std,1.0029793977737427e-05
HZB09,소입로_온도_3_Zone_min,9.1354900598526e-06
HZB10,건조로_온도_2_Zone_mean,3.176274538040161e-05
HZB10,소입로_온도_4_Zone_mean,2.613345146179199e-05
HZB10,솔트조_온도_1_Zone_std,2.4726898670196534e-05
HZB10,소입로_온도_4_Zone_max,2.1222620010375978e-05
HZB10,건조로_온도_2_Zone_range,2.0388660430908202e-05
HZB10,소입로_온도_4_Zone_min,1.9413182735443116e-05
HZB10,소입로_온도_3_Zone_mean,1.677456498146057e-05
HZB10,솔트조_온도_2_Zone_std,1.0426299571990967e-05
HZB10,소입로_온도_2_Zone_max,9.239587783813476e-06
HZB10,소입로_온도_4_Zone_range,8.408432602882385e-06
HZB11,소입로_온도_4_Zone_mean,3.717733144760132e-05
HZB11,소입로_온도_3_Zone_mean,1.955062508583069e-05
HZB11,소입로_온도_4_Zone_min,1.937458038330078e-05
HZB11,소입로_온도_4_Zone_max,1.128380298614502e-05
HZB11,건조로_온도_2_Zone_mean,1.1239086389541625e-05
HZB11,소입로_온도_4_Zone_range,1.0857939720153808e-05
HZB11,솔트조_온도_1_Zone_mean,9.3990820646286e-06
HZB11,소입로_온도_3_Zone_min,8.701420426368714e-06
HZB11,건조로_온도_2_Zone_max,8.647983074188232e-06
HZB11,건조로_온도_2_Zone_range,8.596513867378235e-06
HZC01,소입로_온도_3_Zone_mean,2.8177220821380615e-05
HZC01,솔트조_온도_1_Zone_std,2.53322172164917e-05
HZC01,소입로_온도_4_Zone_mean,2.5111801624298097e-05
HZC01,소입로_온도_4_Zone_min,2.1363911628723145e-05
HZC01,건조로_온도_2_Zone_range,2.1045453548431396e-05
HZC01,소입로_온도_4_Zone_max,2.0560877323150634e-05
HZC01,소입로_온도_4_Zone_range,1.6130863428115846e-05
HZC01,솔트조_온도_1_Zone_min,1.595319628715515e-05
HZC01,솔트조_온도_1_Zone_mean,9.605576395988465e-06
HZC01,솔트조_온도_2_Zone_std,8.694290518760682e-06
HZC02,소입로_온도_3_Zone_mean,0.000935328369140625
HZC02,소입로_온도_4_Zone_mean,0.00021076234817504882
HZC02,건조로_온도_1_Zone_max,8.241455078125e-05
HZC02,건조로_온도_2_Zone_range,7.50676965713501e-05
HZC02,소입로_CP_값_mean,2.3226451873779298e-05
HZC02,소입로_온도_4_Zone_std,1.3868871927261353e-05
HZC02,소입로_온도_1_Zone_max,9.526191353797912e-06
HZC02,건조로_온도_1_Zone_mean,8.605133891105652e-06
HZC02,소입로_온도_3_Zone_min,7.44108498096466e-06
HZC02,소입로_온도_3_Zone_max,7.0935797691345215e-06
HZC03,소입로_온도_4_Zone_min,0.00012787158012390136
HZC03,건조로_온도_1_Zone_mean,7.497954368591309e-05
HZC03,소입로_온도_4_Zone_range,3.691746234893799e-05
HZC03,솔트_컨베이어_온도_2_Zone_mean,3.207727432250977e-05
HZC03,소입로_온도_3_Zone_mean,2.9850993156433104e-05
HZC03,건조로_온도_1_Zone_std,2.0842509269714356e-05
HZC03,소입로_온도_4_Zone_mean,2.060025215148926e-05
HZC03,소입로_온도_1_Zone_std,1.845763087272644e-05
HZC03,솔트조_온도_1_Zone_std,1.772341847419739e-05
HZC03,소입로_온도_4_Zone_max,1.3967770338058472e-05
HZC04,소입로_온도_4_Zone_mean,2.8015193939208983e-05
HZC04,건조로_온도_2_Zone_range,2.676152467727661e-05
HZC04,소입로_온도_3_Zone_min,2.655427932739258e-05
HZC04,솔트조_온도_1_Zone_std,2.5195136070251466e-05
HZC04,솔트조_온도_1_Zone_mean,2.3514678478240965e-05
HZC04,소입로_온도_3_Zone_mean,2.1358301639556883e-05
HZC04,소입로_온도_4_Zone_range,1.7571061849594116e-05
HZC04,소입로_온도_4_Zone_max,8.62400710582733e-06
HZC04,건조로_온도_2_Zone_mean,8.619906306266785e-06
HZC04,소입로_온도_4_Zone_min,8.577080965042114e-06
HZC05,소입로_온도_4_Zone_mean,3.786910057067871e-05
HZC05,소입로_온도_3_Zone_mean,2.2123591899871826e-05
HZC05,소입로_온도_4_Zone_min,1.7738702297210694e-05
HZC05,소입로_온도_1_Zone_max,1.297666072845459e-05
HZC05,건조로_온도_1_Zone_max,1.0904996395111084e-05
HZC05,소입로_온도_4_Zone_max,1.0867711305618286e-05
HZC05,솔트조_온도_1_Zone_mean,1.012905478477478e-05
HZC05,소입로_CP_값_std,9.657605290412902e-06
HZC05,소입로_온도_4_Zone_range,9.218878746032716e-06
HZC05,건조로_온도_2_Zone_range,8.994198441505431e-06
HZC06,소입로_온도_3_Zone_mean,2.7840523719787597e-05
HZC06,솔트조_온도_1_Zone_std,2.6662051677703857e-05
HZC06,소입로_온도_3_Zone_min,2.5558679103851317e-05
HZC06,소입로_온도_4_Zone_mean,2.3026151657104494e-05
HZC06,건조로_온도_2_Zone_range,2.1886425018310548e-05
HZC06,소입로_온도_4_Zone_min,1.9002095460891723e-05
HZC06,소입로_온도_4_Zone_range,1.5736886262893677e-05
HZC06,소입로_온도_4_Zone_max,1.137143611907959e-05
HZC06,건조로_온도_2_Zone_max,9.013444781303405e-06
HZC06,솔트조_온도_1_Zone_mean,8.03934931755066e-06
HZC07,소입로_CP_값_mean,2.749248743057251e-05
HZC07,소입로_온도_4_Zone_mean,2.6687917709350587e-05
HZC07,소입로_온도_3_Zone_min,2.4382891654968262e-05
HZC07,소입로_온도_4_Zone_min,1.8808966875076293e-05
HZC07,소입로_온도_3_Zone_mean,1.672042727470398e-05
HZC07,건조로_온도_2_Zone_range,1.5841623544692994e-05
HZC07,소입로_온도_4_Zone_range,1.323436737060547e-05
HZC07,건조로_온도_2_Zone_max,1.0343010425567626e-05
HZC07,소입로_온도_1_Zone_max,9.996564984321594e-06
HZC07,솔트조_온도_1_Zone_mean,9.916933178901673e-06
HZC08,건조로_온도_2_Zone_range,0.00020216798782348632
HZC08,건조로_온도_1_Zone_std,5.52836275100708e-05
HZC08,소입로_온도_3_Zone_mean,2.423922061920166e-05
HZC08,소입로_온도_4_Zone_mean,2.2753934860229492e-05
HZC08,소입로_온도_1_Zone_std,1.830840587615967e-05
HZC08,소입로_온도_4_Zone_min,1.660889506340027e-05
HZC08,소입로_온도_1_Zone_max,1.2736297845840454e-05
HZC08,건조로_온도_1_Zone_min,9.991223812103272e-06
HZC08,솔트_컨베이어_온도_2_Zone_std,8.115652203559876e-06
HZC08,건조로_온도_2_Zone_max,8.098449110984802e-06
HZC09,소입로_온도_4_Zone_mean,3.8632497787475586e-05
HZC09,소입로_온도_3_Zone_mean,2.5643341541290284e-05
HZC09,소입로_온도_3_Zone_min,2.4788448810577394e-05
HZC09,소입로_온도_4_Zone_min,1.968393087387085e-05
HZC09,소입로_온도_4_Zone_range,1.4804259538650512e-05
HZC09,솔트조_온도_2_Zone_std,1.226903796195984e-05
HZC09,소입로_온도_4_Zone_max,1.1362484693527222e-05
HZC09,소입로_온도_1_Zone_max,1.1344820261001586e-05
HZC09,솔트조_온도_1_Zone_mean,9.9800306558609e-06
HZC09,건조로_온도_2_Zone_range,9.293692708015442e-06
HZC11,소입로_온도_4_Zone_mean,2.6039540767669677e-05
HZC11,소입로_온도_3_Zone_min,2.545156478881836e-05
HZC11,소입로_온도_4_Zone_min,1.9674880504608154e-05
HZC11,소입로_온도_3_Zone_mean,1.859243631362915e-05
HZC11,소입로_온도_4_Zone_range,1.4170256853103638e-05
HZC11,솔트조_온도_2_Zone_std,1.2101157903671265e-05
HZC11,소입로_온도_4_Zone_max,1.1306809186935424e-05
HZC11,솔트_컨베이어_온도_2_Zone_std,1.0306507349014282e-05
HZC11,건조로_온도_2_Zone_range,8.720189332962036e-06
HZC11,소입로_온도_1_Zone_mean,8.367860317230224e-06
HZC12,소입로_온도_3_Zone_mean,0.0009752454376220703
HZC12,건조로_온도_1_Zone_mean,7.565058708190918e-05
HZC12,소입로_온도_4_Zone_mean,4.748529434204101e-05
HZC12,소입로_온도_4_Zone_range,2.414534568786621e-05
HZC12,건조로_온도_1_Zone_max,2.2664344310760498e-05
HZC12,솔트_컨베이어_온도_2_Zone_std,1.917593836784363e-05
HZC12,건조로_온도_2_Zone_mean,1.619130492210388e-05
HZC12,소입로_온도_1_Zone_mean,1.6184755563735963e-05
HZC12,건조로_온도_1_Zone_std,1.344927191734314e-05
HZC12,소입로_온도_4_Zone_max,9.444853067398071e-06
HZC14,소입로_온도_4_Zone_mean,3.733709335327148e-05
HZC14,소입로_온도_4_Zone_range,2.766977310180664e-05
HZC14,솔트_컨베이어_온도_2_Zone_mean,2.451045036315918e-05
HZC14,소입로_온도_3_Zone_mean,2.1784281730651856e-05
HZC14,소입로_온도_4_Zone_min,1.8891308307647705e-05
HZC14,소입로_CP_값_max,1.7469583749771118e-05
HZC14,소입로_온도_4_Zone_max,1.5051270723342895e-05
HZC14,건조로_온도_2_Zone_range,1.4530858993530274e-05
HZC14,솔트_컨베이어_온도_2_Zone_std,1.384417176246643e-05
HZC14,건조로_온도_1_Zone_std,1.2044281959533692e-05
HZC15,소입로_온도_4_Zone_mean,0.00027600360870361326
HZC15,건조로_온도_1_Zone_max,7.921463012695313e-05
HZC15,솔트_컨베이어_온도_2_Zone_mean,3.4907493591308596e-05
HZC15,소입로_온도_4_Zone_range,3.4180405139923096e-05
HZC15,소입로_온도_4_Zone_max,2.0778114795684816e-05
HZC15,솔트_컨베이어_온도_2_Zone_std,1.702798366546631e-05
HZC15,소입로_온도_4_Zone_min,1.4058293104171752e-05
HZC15,소입로_온도_3_Zone_mean,1.4001655578613282e-05
HZC15,솔트조_온도_2_Zone_range,1.3599666357040405e-05
HZC15,소입로_온도_3_Zone_min,9.155339598655701e-06
HZC16,소입로_온도_2_Zone_mean,5.151692867279053e-05
HZC16,소입로_온도_3_Zone_min,3.060995101928711e-05
HZC16,소입로_온도_4_Zone_mean,2.6754481792449952e-05
HZC16,소입로_온도_3_Zone_mean,2.2929198741912843e-05
HZC16,솔트_컨베이어_온도_2_Zone_mean,2.0928301811218263e-05
HZC16,소입로_온도_4_Zone_min,1.864414572715759e-05
HZC16,소입로_온도_4_Zone_max,1.4789626598358154e-05
HZC16,건조로_온도_1_Zone_std,1.1618262529373169e-05
HZC16,건조로_온도_2_Zone_range,1.1515095233917236e-05
HZC16,소입로_온도_1_Zone_mean,1.1008301973342895e-05
HZC17,소입로_온도_4_Zone_min,0.0002599315071105957
HZC17,소입로_온도_4_Zone_range,8.290358543395997e-05
HZC17,건조로_온도_1_Zone_mean,5.973954200744629e-05
HZC17,솔트_컨베이어_온도_2_Zone_mean,3.578134536743164e-05
HZC17,소입로_온도_3_Zone_mean,3.30060863494873e-05
HZC17,솔트조_온도_1_Zone_std,2.080646753311157e-05
HZC17,소입로_온도_1_Zone_mean,2.06990647315979e-05
HZC17,건조로_온도_2_Zone_max,2.0610156059265138e-05
HZC17,소입로_온도_4_Zone_mean,2.0221869945526124e-05
HZC17,솔트_컨베이어_온도_2_Zone_std,1.453369140625e-05
HZD01,솔트_컨베이어_온도_2_Zone_mean,3.528423547744751e-05
HZD01,소입로_온도_4_Zone_range,3.122529745101929e-05
HZD01,소입로_온도_4_Zone_mean,2.475186586380005e-05
HZD01,소입로_온도_3_Zone_mean,2.1172797679901122e-05
HZD01,소입로_CP_값_mean,1.816787600517273e-05
HZD01,건조로_온도_2_Zone_std,1.2126325368881225e-05
HZD01,건조로_온도_2_Zone_max,1.0101847648620606e-05
HZD01,건조로_온도_2_Zone_range,9.6277916431427e-06
HZD01,건조로_온도_2_Zone_mean,9.054718017578125e-06
HZD01,소입로_온도_1_Zone_mean,8.61106812953949e-06
HZD02,소입로_온도_4_Zone_mean,0.0002184230422973633
HZD02,소입로_온도_4_Zone_range,7.132697582244873e-05
HZD02,솔트_컨베이어_온도_2_Zone_mean,3.1540007591247556e-05
HZD02,건조로_온도_1_Zone_mean,2.830537796020508e-05
HZD02,소입로_온도_4_Zone_max,2.139726161956787e-05
HZD02,소입로_온도_3_Zone_mean,2.1118912696838378e-05
HZD02,건조로_온도_1_Zone_max,2.0138604640960692e-05
HZD02,건조로_온도_1_Zone_min,1.657655119895935e-05
HZD02,소입로_온도_4_Zone_min,1.4268741607666015e-05
HZD02,건조로_온도_1_Zone_std,1.1157348155975343e-05
HZD03,건조로_온도_2_Zone_mean,4.173464298248291e-05
HZD03,소입로_온도_4_Zone_mean,3.9081199169158936e-05
HZD03,솔트조_온도_1_Zone_mean,3.0005016326904297e-05
HZD03,소입로_온도_3_Zone_mean,1.9858217239379882e-05
HZD03,소입로_온도_4_Zone_max,1.4639867544174194e-05
HZD03,소입로_온도_4_Zone_range,1.3384866714477539e-05
HZD03,소입로_온도_1_Zone_max,1.230021595954895e-05
HZD03,건조로_온도_2_Zone_range,1.0811187028884888e-05
HZD03,솔트조_온도_2_Zone_std,1.040074348449707e-05
HZD03,소입로_온도_3_Zone_min,8.432984352111816e-06
HZD04,소입로_온도_4_Zone_mean,0.0002529294204711914
HZD04,건조로_온도_2_Zone_mean,4.046982765197754e-05
HZD04,건조로_온도_1_Zone_mean,3.0336523056030274e-05
HZD04,소입로_온도_3_Zone_mean,2.4360849857330323e-05
HZD04,솔트조_온도_2_Zone_std,1.595428705215454e-05
HZD04,소입로_온도_4_Zone_min,1.5143140554428101e-05
HZD04,소입로_CP_값_min,1.2239876985549926e-05
HZD04,소입로_온도_4_Zone_range,1.1695878505706787e-05
HZD04,건조로_온도_1_Zone_max,1.1652956008911134e-05
HZD04,소입로_온도_1_Zone_mean,1.0487911701202393e-05
HZD05,소입로_온도_4_Zone_min,0.00019879156112670898
HZD05,건조로_온도_2_Zone_range,0.00011830947875976562
HZD05,솔트_컨베이어_온도_2_Zone_mean,3.875458240509033e-05
HZD05,건조로_온도_1_Zone_mean,3.055872917175293e-05
HZD05,건조로_온도_1_Zone_std,2.503410816192627e-05
HZD05,소입로_온도_4_Zone_range,2.2835631370544433e-05
HZD05,소입로_CP_값_mean,1.938628673553467e-05
HZD05,소입로_온도_4_Zone_mean,1.7038217782974243e-05
HZD05,솔트조_온도_1_Zone_mean,1.6878187656402587e-05
HZD05,소입로_온도_2_Zone_max,1.3687355518341064e-05
HZD06,소입로_온도_4_Zone_min,0.0001736492347717285
HZD06,소입로_온도_4_Zone_mean,0.00017162515640258789
HZD06,소입로_온도_4_Zone_range,8.026743888854981e-05
HZD06,건조로_온도_1_Zone_mean,5.060916423797607e-05
HZD06,솔트_컨베이어_온도_2_Zone_mean,3.8426671028137205e-05
HZD06,소입로_CP_값_mean,2.1023592948913573e-05
HZD06,소입로_온도_3_Zone_mean,1.65000057220459e-05
HZD06,소입로_온도_2_Zone_max,1.4396936893463134e-05
HZD06,건조로_온도_1_Zone_std,1.0183740854263305e-05
HZD06,건조로_온도_1_Zone_max,9.522209763526916e-06
HZD07,솔트_컨베이어_온도_2_Zone_std,4.589508056640625e-05
HZD07,건조로_온도_2_Zone_mean,4.2998743057250974e-05
HZD07,소입로_온도_1_Zone_mean,2.4118089675903322e-05
HZD07,소입로_온도_4_Zone_mean,2.1433043479919433e-05
HZD07,소입로_온도_4_Zone_min,1.7248775959014892e-05
HZD07,솔트조_온도_2_Zone_std,1.6166177988052367e-05
HZD07,소입로_온도_3_Zone_mean,1.6144723892211914e-05
HZD07,소입로_온도_4_Zone_max,1.4674148559570313e-05
HZD07,소입로_온도_1_Zone_max,1.1767882108688354e-05
HZD07,솔트조_온도_1_Zone_mean,1.1417646408081055e-05
HZD08,소입로_온도_4_Zone_mean,3.570221424102783e-05
HZD08,소입로_온도_4_Zone_min,2.0033211708068847e-05
HZD08,소입로_온도_1_Zone_mean,1.8921571969985962e-05
HZD08,소입로_온도_3_Zone_mean,1.720917582511902e-05
HZD08,소입로_온도_1_Zone_max,1.2125768661499024e-05
HZD08,솔트조_온도_1_Zone_mean,1.1598900556564331e-05
HZD08,솔트조_온도_1_Zone_min,1.157429575920105e-05
HZD08,솔트조_온도_2_Zone_std,1.1210699081420898e-05
HZD08,소입로_온도_4_Zone_range,1.0165743827819823e-05
HZD08,소입로_온도_1_Zone_std,8.962135910987854e-06
HZD09,소입로_온도_3_Zone_mean,3.053490161895752e-05
HZD09,소입로_온도_3_Zone_min,3.0157885551452635e-05
HZD09,소입로_온도_4_Zone_mean,2.6112451553344727e-05
HZD09,소입로_온도_4_Zone_range,1.6983400583267213e-05
HZD09,솔트조_온도_1_Zone_mean,1.1878516674041749e-05
HZD09,건조로_온도_2_Zone_std,1.1503136157989502e-05
HZD09,소입로_온도_4_Zone_min,1.1210068464279174e-05
HZD09,솔트조_온도_2_Zone_std,1.1154148578643799e-05
HZD09,소입로_온도_4_Zone_max,1.0582815408706666e-05
HZD09,소입로_온도_1_Zone_mean,8.959896564483643e-06
HZD10,소입로_온도_3_Zone_mean,0.0009705616760253906
HZD10,소입로_온도_4_Zone_mean,0.0002520376396179199
HZD10,건조로_온도_1_Zone_max,8.51108169555664e-05
HZD10,소입로_온도_4_Zone_range,2.944366216659546e-05
HZD10,솔트조_온도_1_Zone_min,1.562587857246399e-05
HZD10,소입로_온도_1_Zone_mean,1.5518659353256225e-05
HZD10,솔트조_온도_2_Zone_range,1.3611296415328979e-05
HZD10,건조로_온도_1_Zone_mean,1.1950613260269165e-05
HZD10,소입로_온도_4_Zone_std,1.113256573677063e-05
HZD10,건조로_온도_1_Zone_std,9.970881938934326e-06
HZD11,소입로_온도_4_Zone_mean,0.0002303420639038086
HZD11,소입로_온도_4_Zone_range,5.274414539337158e-05
HZD11,건조로_온도_1_Zone_mean,2.978421926498413e-05
HZD11,건조로_온도_1_Zone_std,2.8971600532531737e-05
HZD11,소입로_온도_3_Zone_mean,2.238748788833618e-05
HZD11,소입로_온도_4_Zone_max,2.0691776275634765e-05
HZD11,솔트_컨베이어_온도_2_Zone_mean,1.4251633882522584e-05
HZD11,소입로_온도_4_Zone_min,1.3935636281967162e-05
HZD11,건조로_온도_1_Zone_max,1.3496322631835938e-05
HZD11,소입로_CP_값_min,1.1603381633758545e-05
HZD12,소입로_온도_4_Zone_range,8.172999382019043e-05
HZD12,솔트_컨베이어_온도_2_Zone_mean,4.143744468688965e-05
HZD12,소입로_온도_4_Zone_mean,3.5994982719421383e-05
HZD12,소입로_온도_4_Zone_max,2.0996034145355224e-05
HZD12,소입로_온도_4_Zone_min,1.8006813526153564e-05
HZD12,솔트_컨베이어_온도_2_Zone_std,1.599970579147339e-05
HZD12,솔트조_온도_1_Zone_mean,1.3213229179382324e-05
HZD12,건조로_온도_2_Zone_range,1.1329643726348877e-05
HZD12,건조로_온도_1_Zone_max,1.1227166652679444e-05
HZD12,건조로_온도_1_Zone_std,1.1027168035507202e-05
HZD13,소입로_온도_4_Zone_mean,2.56709623336792e-05
HZD13,소입로_온도_3_Zone_min,2.49185848236084e-05
HZD13,소입로_온도_3_Zone_mean,2.1028907299041747e-05
HZD13,소입로_온도_4_Zone_range,2.04308819770813e-05
HZD13,건조로_온도_2_Zone_range,2.0151669979095457e-05
HZD13,소입로_온도_4_Zone_max,1.5207628011703491e-05
HZD13,건조로_온도_2_Zone_mean,1.2470002174377441e-05
HZD13,세정기_std,1.1576019525527954e-05
HZD13,소입로_온도_4_Zone_min,1.1030254364013672e-05
HZD13,솔트조_온도_1_Zone_mean,1.0223441123962403e-05
HZD14,소입로_온도_4_Zone_range,3.9032597541809085e-05
HZD14,솔트_컨베이어_온도_2_Zone_mean,3.874918222427368e-05
HZD14,소입로_온도_4_Zone_mean,3.6796245574951174e-05
HZD14,소입로_온도_4_Zone_max,2.0177960395812987e-05
HZD14,소입로_온도_4_Zone_min,1.633332133293152e-05
HZD14,소입로_온도_3_Zone_mean,1.520274043083191e-05
HZD14,건조로_온도_2_Zone_range,1.140244722366333e-05
HZD14,소입로_온도_1_Zone_std,9.687148928642273e-06
HZD14,건조로_온도_2_Zone_mean,9.535383582115174e-06
HZD14,소입로_온도_1_Zone_max,9.425449967384339e-06
HZD15,소입로_온도_2_Zone_min,5.049069881439209e-05
HZD15,소입로_온도_4_Zone_range,3.092327117919922e-05
HZD15,건조로_온도_2_Zone_mean,2.6306765079498292e-05
HZD15,소입로_온도_4_Zone_mean,2.0086681842803956e-05
HZD15,소입로_온도_4_Zone_max,2.0004377365112303e-05
HZD15,소입로_온도_3_Zone_mean,1.9311203956604005e-05
HZD15,솔트조_온도_1_Zone_min,1.6615477800369263e-05
HZD15,세정기_std,1.393850564956665e-05
HZD15,소입로_CP_값_std,1.2082289457321167e-05
HZD15,소입로_온도_1_Zone_std,1.0257599353790284e-05
HZD16,소입로_온도_4_Zone_mean,0.00019915767669677735
HZD16,소입로_온도_4_Zone_range,5.303287982940674e-05
HZD16,건조로_온도_1_Zone_std,3.417037010192871e-05
HZD16,건조로_온도_1_Zone_mean,2.3034756183624266e-05
HZD16,소입로_CP_값_mean,2.2115144729614257e-05
HZD16,소입로_온도_3_Zone_mean,2.1181144714355468e-05
HZD16,솔트_컨베이어_온도_2_Zone_std,2.0515005588531495e-05
HZD16,솔트_컨베이어_온도_2_Zone_mean,1.9128751754760744e-05
HZD16,건조로_온도_1_Zone_max,1.2180173397064209e-05
HZD16,소입로_온도_4_Zone_min,9.69211995601654e-06
HZD17,소입로_온도_4_Zone_range,8.506172180175781e-05
HZD17,솔트_컨베이어_온도_2_Zone_mean,4.11903190612793e-05
HZD17,솔트조_온도_1_Zone_mean,3.382418394088745e-05
HZD17,소입로_온도_4_Zone_max,2.1704185009002687e-05
HZD17,솔트_컨베이어_온도_2_Zone_std,2.1676762104034425e-05
HZD17,소입로_온도_4_Zone_min,1.8175448179244996e-05
HZD17,소입로_온도_1_Zone_mean,1.7718682289123534e-05
HZD17,소입로_온도_3_Zone_mean,1.7000341415405272e-05
HZD17,솔트조_온도_2_Zone_range,1.6335856914520264e-05
HZD17,건조로_온도_1_Zone_max,1.2415263652801514e-05
HZE01,소입로_온도_2_Zone_mean,4.1967968940734864e-05
HZE01,솔트조_온도_1_Zone_std,2.1500988006591797e-05
HZE01,건조로_온도_2_Zone_max,2.0111136436462403e-05
HZE01,소입로_온도_1_Zone_mean,2.002335786819458e-05
HZE01,소입로_온도_4_Zone_min,1.799493074417114e-05
HZE01,건조로_온도_2_Zone_range,1.764193058013916e-05
HZE01,소입로_온도_3_Zone_mean,1.6927064657211303e-05
HZE01,소입로_온도_4_Zone_max,1.461566686630249e-05
HZE01,소입로_온도_4_Zone_range,1.2210718393325806e-05
HZE01,솔트조_온도_2_Zone_std,1.2162139415740967e-05
HZE02,소입로_온도_1_Zone_max,4.6662707328796386e-05
HZE02,소입로_온도_4_Zone_range,3.111573934555054e-05
HZE02,소입로_온도_4_Zone_mean,2.961132287979126e-05
HZE02,소입로_온도_3_Zone_mean,1.9067580699920653e-05
HZE02,소입로_온도_4_Zone_min,1.7030855417251588e-05
HZE02,솔트_컨베이어_온도_2_Zone_std,1.4586925506591797e-05
HZE02,소입로_온도_4_Zone_max,1.4554815292358398e-05
HZE02,솔트조_온도_2_Zone_std,1.1465090513229371e-05
HZE02,건조로_온도_2_Zone_mean,9.727781414985657e-06
HZE02,건조로_온도_2_Zone_range,7.788463830947877e-06
HZE03,소입로_온도_4_Zone_mean,2.5449295043945313e-05
HZE03,소입로_온도_4_Zone_min,1.984697699546814e-05
HZE03,솔트조_온도_1_Zone_mean,1.860625982284546e-05
HZE03,소입로_온도_4_Zone_range,1.6961126327514647e-05
HZE03,소입로_온도_3_Zone_mean,1.6326440572738647e-05
HZE03,솔트조_온도_2_Zone_std,1.1573766469955444e-05
HZE03,소입로_온도_4_Zone_max,1.1454215049743652e-05
HZE03,건조로_온도_2_Zone_mean,9.195953607559204e-06
HZE03,소입로_온도_1_Zone_std,8.356406688690185e-06
HZE03,건조로_온도_1_Zone_std,8.088344931602477e-06
HZE04,소입로_온도_1_Zone_max,3.71252965927124e-05
HZE04,소입로_온도_4_Zone_mean,2.6777656078338624e-05
HZE04,소입로_온도_4_Zone_min,1.931316614151001e-05
HZE04,소입로_온도_4_Zone_range,1.824358344078064e-05
HZE04,소입로_온도_4_Zone_max,1.534569501876831e-05
HZE04,건조로_온도_2_Zone_mean,1.1890881061553955e-05
HZE04,건조로_온도_2_Zone_std,1.1595762968063355e-05
HZE04,솔트조_온도_1_Zone_mean,9.888399839401245e-06
HZE04,소입로_온도_3_Zone_mean,8.311107754707337e-06
HZE04,건조로_온도_2_Zone_range,7.917357087135315e-06
HZE05,소입로_온도_4_Zone_mean,0.0002957550048828125
HZE05,건조로_온도_1_Zone_max,8.885963439941406e-05
HZE05,소입로_온도_1_Zone_max,3.629688024520874e-05
HZE05,소입로_온도_3_Zone_mean,2.6089773178100585e-05
HZE05,건조로_온도_1_Zone_mean,2.1180260181427002e-05
HZE05,소입로_온도_4_Zone_range,1.655044198036194e-05
HZE05,소입로_온도_4_Zone_min,1.599097490310669e-05
HZE05,솔트조_온도_1_Zone_min,1.3819315433502197e-05
HZE05,소입로_온도_1_Zone_mean,1.3387279510498047e-05
HZE05,소입로_온도_4_Zone_std,1.167782187461853e-05
HZE06,건조로_온도_2_Zone_range,0.0001444850444793701
HZE06,건조로_온도_1_Zone_std,3.5958929061889646e-05
HZE06,소입로_온도_4_Zone_range,2.1180825233459472e-05
HZE06,소입로_온도_4_Zone_mean,1.931791305541992e-05
HZE06,소입로_온도_3_Zone_mean,1.7204525470733644e-05
HZE06,소입로_온도_4_Zone_min,1.6308515071868895e-05
HZE06,소입로_온도_4_Zone_max,1.558484435081482e-05
HZE06,건조로_온도_2_Zone_max,1.3074377775192261e-05
HZE06,소입로_온도_1_Zone_max,1.2523150444030762e-05
HZE06,솔트_컨베이어_온도_1_Zone_std,1.1211183071136475e-05
HZE07,소입로_온도_1_Zone_max,6.858417987823486e-05
HZE07,소입로_온도_4_Zone_range,3.384255409240723e-05
HZE07,솔트조_온도_1_Zone_mean,3.355931758880615e-05
HZE07,소입로_온도_4_Zone_mean,3.056993722915649e-05
HZE07,건조로_온도_2_Zone_range,2.3287591934204102e-05
HZE07,소입로_온도_3_Zone_mean,2.1337664127349854e-05
HZE07,소입로_온도_4_Zone_min,1.8757904767990113e-05
HZE07,건조로_온도_1_Zone_max,1.1278089284896851e-05
HZE07,소입로_온도_4_Zone_max,1.1096315383911133e-05
HZE07,솔트조_온도_2_Zone_std,1.0204200744628907e-05
HZE08,소입로_온도_3_Zone_mean,3.668441295623779e-05
HZE08,소입로_온도_4_Zone_mean,2.985219955444336e-05
HZE08,솔트조_온도_1_Zone_mean,2.918339490890503e-05
HZE08,건조로_온도_2_Zone_range,2.4955804347991943e-05
HZE08,소입로_온도_3_Zone_min,2.4872453212738038e-05
HZE08,소입로_온도_4_Zone_range,2.222723960876465e-05
HZE08,소입로_온도_4_Zone_min,1.947460412979126e-05
HZE08,소입로_온도_1_Zone_max,1.4952614307403564e-05
HZE08,건조로_온도_2_Zone_mean,1.157551407814026e-05
HZE08,소입로_온도_4_Zone_max,1.1312742233276368e-05
HZE09,건조로_온도_2_Zone_range,0.00011939623832702636
HZE09,소입로_온도_4_Zone_range,4.319880962371826e-05
HZE09,솔트_컨베이어_온도_2_Zone_mean,3.578027963638306e-05
HZE09,소입로_온도_3_Zone_mean,2.945607662200928e-05
HZE09,소입로_온도_4_Zone_mean,2.129829168319702e-05
HZE09,솔트_컨베이어_온도_2_Zone_std,1.837615132331848e-05
HZE09,소입로_온도_4_Zone_max,1.531096339225769e-05
HZE09,소입로_온도_4_Zone_min,1.525805115699768e-05
HZE09,건조로_온도_2_Zone_max,1.2853546142578124e-05
HZE09,소입로_온도_1_Zone_max,1.2182533740997315e-05
HZE11,소입로_온도_4_Zone_mean,0.00019826082229614257
HZE11,소입로_온도_4_Zone_range,3.326761484146118e-05
HZE11,건조로_온도_1_Zone_mean,2.832421064376831e-05
HZE11,소입로_온도_3_Zone_mean,2.4727680683135988e-05
HZE11,소입로_온도_3_Zone_min,2.471541166305542e-05
HZE11,소입로_온도_1_Zone_mean,2.3004398345947267e-05
HZE11,건조로_온도_1_Zone_max,2.0902090072631835e-05
HZE11,소입로_온도_4_Zone_min,1.5899268388748168e-05
HZE11,솔트조_온도_2_Zone_std,1.4774762392044067e-05
HZE11,건조로_온도_2_Zone_range,1.4446765184402465e-05
HZE12,소입로_온도_2_Zone_mean,3.7345540523529055e-05
HZE12,소입로_온도_3_Zone_min,2.7207088470458985e-05
HZE12,솔트조_온도_1_Zone_mean,2.296302318572998e-05
HZE12,건조로_온도_2_Zone_range,2.1423625946044923e-05
HZE12,소입로_온도_4_Zone_range,2.1041419506072997e-05
HZE12,소입로_온도_4_Zone_min,1.9069952964782715e-05
HZE12,소입로_온도_4_Zone_max,1.549091577529907e-05
HZE12,소입로_온도_3_Zone_mean,1.317686915397644e-05
HZE12,소입로_온도_4_Zone_mean,1.0526120662689208e-05
HZE12,건조로_온도_2_Zone_max,8.02206575870514e-06
HZE13,건조로_온도_2_Zone_mean,4.276391506195068e-05
HZE13,소입로_온도_1_Zone_max,3.917739152908325e-05
HZE13,소입로_온도_4_Zone_mean,3.6965029239654544e-05
HZE13,소입로_온도_4_Zone_min,1.9652186632156372e-05
HZE13,건조로_온도_2_Zone_range,1.8473169803619385e-05
HZE13,소입로_온도_4_Zone_range,1.5407246351242066e-05
HZE13,소입로_온도_4_Zone_max,1.1379410028457641e-05
HZE13,건조로_온도_1_Zone_max,1.0807615518569946e-05
HZE13,솔트조_온도_2_Zone_std,1.0724004507064819e-05
HZE13,솔트조_온도_1_Zone_mean,1.0186429023742676e-05
HZE14,소입로_온도_4_Zone_min,0.0003163495445251465
HZE14,소입로_온도_4_Zone_range,8.754137992858887e-05
HZE14,건조로_온도_1_Zone_mean,6.741073608398438e-05
HZE14,솔트_컨베이어_온도_2_Zone_mean,3.876927137374878e-05
HZE14,소입로_온도_1_Zone_mean,3.364072322845459e-05
HZE14,솔트조_온도_1_Zone_mean,3.345415115356445e-05
HZE14,솔트_컨베이어_온도_2_Zone_std,2.4902606010437012e-05
HZE14,건조로_온도_2_Zone_max,2.112882852554321e-05
HZE14,소입로_온도_4_Zone_mean,1.5237609148025512e-05
HZE14,소입로_온도_1_Zone_max,1.4641470909118653e-05
HZE15,소입로_온도_4_Zone_mean,0.00012517682075500488
HZE15,건조로_온도_1_Zone_mean,9.690869331359863e-05
HZE15,건조로_온도_2_Zone_mean,4.010200500488281e-05
HZE15,소입로_온도_1_Zone_max,3.273322582244873e-05
HZE15,소입로_온도_3_Zone_mean,2.5915303230285643e-05
HZE15,소입로_온도_1_Zone_mean,2.4761829376220702e-05
HZE15,건조로_온도_1_Zone_max,1.9672577381134034e-05
HZE15,솔트조_온도_2_Zone_std,1.9050254821777342e-05
HZE15,소입로_온도_3_Zone_min,1.0984989404678345e-05
HZE15,소입로_온도_4_Zone_max,1.0816104412078858e-05
HZF01,소입로_온도_3_Zone_mean,3.121163845062256e-05
HZF01,소입로_온도_4_Zone_mean,3.082942485809326e-05
HZF01,솔트조_온도_1_Zone_mean,2.889554500579834e-05
HZF01,건조로_온도_2_Zone_range,2.5561425685882568e-05
HZF01,소입로_온도_4_Zone_range,2.084653377532959e-05
HZF01,소입로_CP_값_mean,2.019010782241821e-05
HZF01,소입로_온도_4_Zone_min,1.6558517217636107e-05
HZF01,소입로_CP_값_max,1.0656315088272095e-05
HZF01,건조로_온도_2_Zone_mean,9.119839072227477e-06
HZF01,건조로_온도_2_Zone_max,8.564839959144593e-06
HZF02,소입로_온도_4_Zone_range,4.158299446105957e-05
HZF02,소입로_온도_4_Zone_mean,2.9186596870422365e-05
HZF02,솔트조_온도_1_Zone_mean,2.6117334365844725e-05
HZF02,소입로_온도_3_Zone_mean,2.2045915126800537e-05
HZF02,건조로_온도_2_Zone_range,2.0347084999084472e-05
HZF02,소입로_온도_4_Zone_min,1.674116253852844e-05
HZF02,소입로_온도_4_Zone_max,1.5054032802581788e-05
HZF02,솔트_컨베이어_온도_2_Zone_mean,1.4324729442596436e-05
HZF02,소입로_온도_1_Zone_max,1.1368677616119384e-05
HZF02,소입로_온도_1_Zone_std,9.756085276603698e-06
HZF03,소입로_온도_1_Zone_max,6.826655864715576e-05
HZF03,소입로_온도_4_Zone_mean,4.0747580528259275e-05
HZF03,소입로_온도_3_Zone_mean,3.6298975944519044e-05
HZF03,솔트조_온도_1_Zone_mean,3.015652894973755e-05
HZF03,소입로_온도_4_Zone_min,2.0037379264831544e-05
HZF03,소입로_온도_4_Zone_range,1.6118714809417725e-05
HZF03,솔트조_온도_2_Zone_std,1.5210781097412109e-05
HZF03,건조로_온도_2_Zone_range,1.3285878896713257e-05
HZF03,소입로_온도_4_Zone_max,1.0836963653564453e-05
HZF03,솔트_컨베이어_온도_1_Zone_std,8.002834320068359e-06
HZF04,건조로_온도_2_Zone_mean,4.143823623657227e-05
HZF04,소입로_온도_1_Zone_mean,3.8592863082885745e-05
HZF04,솔트조_온도_1_Zone_mean,2.926313877105713e-05
HZF04,소입로_온도_3_Zone_min,2.669675588607788e-05
HZF04,소입로_온도_4_Zone_mean,2.4995038509368895e-05
HZF04,건조로_온도_2_Zone_max,2.3136911392211913e-05
HZF04,소입로_온도_4_Zone_min,1.8945865631103516e-05
HZF04,솔트조_온도_2_Zone_std,1.871781587600708e-05
HZF04,소입로_온도_3_Zone_mean,1.6143798828125e-05
HZF04,소입로_온도_4_Zone_max,1.5089820623397827e-05
HZF05,소입로_온도_1_Zone_max,6.228550910949706e-05
HZF05,소입로_온도_4_Zone_mean,3.969261884689331e-05
HZF05,솔트조_온도_1_Zone_mean,2.9603214263916015e-05
HZF05,소입로_온도_3_Zone_mean,2.0927789211273195e-05
HZF05,소입로_온도_4_Zone_min,1.937983751296997e-05
HZF05,소입로_온도_4_Zone_max,1.5176715850830078e-05
HZF05,소입로_온도_4_Zone_range,1.340885043144226e-05
HZF05,건조로_온도_2_Zone_range,1.3205610513687134e-05
HZF05,소입로_온도_1_Zone_mean,1.1158602237701417e-05
HZF05,솔트조_온도_2_Zone_std,9.596440792083741e-06
HZF06,건조로_온도_2_Zone_range,0.00021969501495361327
HZF06,소입로_온도_2_Zone_min,6.573430061340332e-05
HZF06,소입로_온도_1_Zone_mean,3.902325391769409e-05
HZF06,건조로_온도_1_Zone_std,3.8967974185943606e-05
HZF06,소입로_온도_4_Zone_max,3.4880456924438476e-05
HZF06,소입로_온도_2_Zone_max,3.055655479431152e-05
HZF06,솔트_컨베이어_온도_2_Zone_std,2.3563172817230224e-05
HZF06,건조로_온도_2_Zone_max,2.288538932800293e-05
HZF06,솔트조_온도_1_Zone_mean,2.015016317367554e-05
HZF06,건조로_온도_1_Zone_mean,1.690011501312256e-05
HZF10,솔트조_온도_1_Zone_mean,3.8219931125640866e-05
HZF10,소입로_온도_4_Zone_range,3.460967779159546e-05
HZF10,소입로_온도_3_Zone_mean,3.395676851272583e-05
HZF10,소입로_온도_4_Zone_mean,2.994314670562744e-05
HZF10,소입로_온도_4_Zone_max,2.449240207672119e-05
HZF10,건조로_온도_2_Zone_range,2.4347684383392333e-05
HZF10,소입로_온도_4_Zone_min,1.852166771888733e-05
HZF10,건조로_온도_2_Zone_mean,1.0619269609451294e-05
HZF10,솔트조_온도_2_Zone_std,9.552459716796875e-06
HZF10,소입로_온도_2_Zone_max,9.363123178482056e-06
HZF11,소입로_온도_1_Zone_max,7.185221672058106e-05
HZF11,소입로_온도_4_Zone_mean,3.9583981037139895e-05
HZF11,소입로_온도_3_Zone_mean,3.522336006164551e-05
HZF11,솔트조_온도_1_Zone_std,3.433431386947632e-05
HZF11,건조로_온도_2_Zone_mean,3.0063059329986572e-05
HZF11,소입로_온도_4_Zone_min,2.3474960327148436e-05
HZF11,솔트조_온도_2_Zone_std,1.9773718118667604e-05
HZF11,건조로_온도_2_Zone_range,1.9084949493408203e-05
HZF11,소입로_온도_4_Zone_range,1.1981339454650879e-05
HZF11,소입로_온도_4_Zone_max,1.1851468086242676e-05
HZF12,소입로_온도_1_Zone_max,5.659929752349853e-05
HZF12,소입로_온도_3_Zone_mean,3.551800727844238e-05
HZF12,소입로_온도_4_Zone_mean,3.0808994770050046e-05
HZF12,건조로_온도_2_Zone_range,2.046445608139038e-05
HZF12,소입로_온도_4_Zone_min,1.9168444871902466e-05
HZF12,소입로_온도_4_Zone_range,1.7684659957885743e-05
HZF12,소입로_온도_4_Zone_max,1.5252853631973266e-05
HZF12,솔트조_온도_2_Zone_std,1.0496395826339722e-05
HZF12,소입로_온도_1_Zone_mean,8.327577710151673e-06
HZF12,솔트조_온도_1_Zone_mean,7.582140564918518e-06
HZF13,소입로_온도_4_Zone_mean,0.00021985721588134766
HZF13,소입로_온도_1_Zone_max,5.0648789405822753e-05
HZF13,솔트_컨베이어_온도_2_Zone_mean,3.8849623203277585e-05
HZF13,소입로_온도_2_Zone_min,3.875105619430542e-05
HZF13,소입로_온도_4_Zone_range,3.831128597259521e-05
HZF13,건조로_온도_1_Zone_mean,2.840679168701172e-05
HZF13,건조로_온도_1_Zone_max,2.3754770755767823e-05
HZF13,솔트조_온도_1_Zone_std,2.220236301422119e-05
HZF13,소입로_온도_3_Zone_mean,2.0563132762908936e-05
HZF13,소입로_온도_4_Zone_max,1.4825371503829957e-05
HZF14,소입로_온도_4_Zone_range,5.337447643280029e-05
HZF14,건조로_온도_1_Zone_std,3.412925481796265e-05
HZF14,소입로_온도_4_Zone_mean,2.9562768936157225e-05
HZF14,솔트_컨베이어_온도_2_Zone_mean,1.839502453804016e-05
HZF14,건조로_온도_2_Zone_range,1.7648512125015258e-05
HZF14,솔트조_온도_1_Zone_mean,1.7011659145355224e-05
HZF14,소입로_온도_4_Zone_min,1.65906822681427e-05
HZF14,소입로_온도_4_Zone_max,1.5137788057327271e-05
HZF14,소입로_온도_1_Zone_max,1.132264494895935e-05
HZF14,소입로_CP_값_max,7.79271900653839e-06
HZF15,소입로_온도_1_Zone_max,3.320099592208862e-05
HZF15,소입로_온도_4_Zone_mean,2.8431174755096437e-05
HZF15,솔트조_온도_1_Zone_mean,2.2378342151641846e-05
HZF15,건조로_온도_2_Zone_range,2.202024221420288e-05
HZF15,소입로_온도_3_Zone_mean,1.8910144567489626e-05
HZF15,소입로_온도_4_Zone_min,1.7591921091079712e-05
HZF15,소입로_온도_4_Zone_range,1.7358300685882567e-05
HZF15,소입로_온도_4_Zone_max,1.4368376731872559e-05
HZF15,건조로_온도_2_Zone_mean,1.1649376153945922e-05
HZF15,건조로_온도_2_Zone_max,1.1623680591583252e-05
HZF16,소입로_온도_4_Zone_mean,0.0002481938362121582
HZF16,소입로_온도_4_Zone_range,4.285224437713623e-05
HZF16,소입로_온도_1_Zone_max,3.0739898681640625e-05
HZF16,소입로_CP_값_mean,2.568009376525879e-05
HZF16,건조로_온도_1_Zone_mean,2.4873852729797365e-05
HZF16,소입로_온도_3_Zone_mean,1.4952468872070313e-05
HZF16,소입로_온도_4_Zone_min,1.4271351099014282e-05
HZF16,솔트_컨베이어_온도_2_Zone_mean,1.1566811800003051e-05
HZF16,건조로_온도_2_Zone_range,1.0283616781234742e-05
HZF16,솔트조_온도_1_Zone_mean,7.806384563446045e-06
HZF17,소입로_온도_2_Zone_mean,3.9267492294311526e-05
HZF17,솔트조_온도_1_Zone_mean,2.3176331520080566e-05
HZF17,건조로_온도_2_Zone_range,2.112133264541626e-05
HZF17,소입로_온도_4_Zone_range,2.0753700733184815e-05
HZF17,소입로_온도_4_Zone_max,1.9879288673400878e-05
HZF17,소입로_온도_4_Zone_min,1.9725881814956665e-05
HZF17,솔트조_온도_2_Zone_std,1.549887776374817e-05
HZF17,소입로_온도_4_Zone_mean,1.3938393592834473e-05
HZF17,소입로_온도_3_Zone_mean,1.359457492828369e-05
HZF17,소입로_온도_2_Zone_max,9.45811927318573e-06
HZG01,소입로_온도_4_Zone_mean,0.0002207820701599121
HZG01,소입로_온도_4_Zone_range,8.351863861083985e-05
HZG01,솔트_컨베이어_온도_2_Zone_mean,3.576926708221435e-05
HZG01,소입로_온도_4_Zone_max,3.496156454086304e-05
HZG01,소입로_온도_2_Zone_max,3.1621179580688476e-05
HZG01,건조로_온도_1_Zone_mean,2.9635260105133056e-05
HZG01,소입로_온도_3_Zone_mean,2.033207893371582e-05
HZG01,건조로_온도_1_Zone_max,1.987978935241699e-05
HZG01,소입로_온도_4_Zone_min,1.1894639730453492e-05
HZG01,건조로_온도_1_Zone_std,1.0774059295654298e-05
HZG02,건조로_온도_2_Zone_range,0.0001945673942565918
HZG02,소입로_온도_4_Zone_mean,2.018380880355835e-05
HZG02,소입로_온도_4_Zone_range,1.9309239387512208e-05
HZG02,소입로_온도_3_Zone_mean,1.674542188644409e-05
HZG02,소입로_온도_4_Zone_max,1.609197497367859e-05
HZG02,소입로_온도_4_Zone_min,1.452250838279724e-05
HZG02,솔트조_온도_1_Zone_mean,1.4020158052444458e-05
HZG02,소입로_온도_1_Zone_max,1.3386650085449219e-05
HZG02,건조로_온도_1_Zone_std,1.2149990797042846e-05
HZG02,세정기_std,1.1614151000976562e-05
HZG03,소입로_온도_4_Zone_range,4.0837688446044925e-05
HZG03,솔트_컨베이어_온도_2_Zone_mean,3.846436738967896e-05
HZG03,소입로_온도_4_Zone_mean,2.7645742893218994e-05
HZG03,소입로_온도_1_Zone_std,2.2139647006988526e-05
HZG03,소입로_온도_4_Zone_max,2.051720380783081e-05
HZG03,건조로_온도_1_Zone_std,1.9351406097412108e-05
HZG03,솔트조_온도_1_Zone_mean,1.920216917991638e-05
HZG03,소입로_온도_3_Zone_mean,1.640886187553406e-05
HZG03,소입로_온도_4_Zone_min,1.617096543312073e-05
HZG03,건조로_온도_2_Zone_range,1.0563879013061524e-05
HZG05,건조로_온도_2_Zone_range,5.85435962677002e-05
HZG05,솔트_컨베이어_온도_2_Zone_mean,3.574142456054688e-05
HZG05,소입로_온도_4_Zone_mean,2.3955764770507813e-05
HZG05,소입로_온도_4_Zone_max,1.5498991012573242e-05
HZG05,소입로_온도_3_Zone_mean,1.4214969873428344e-05
HZG05,소입로_온도_4_Zone_range,1.2925422191619873e-05
HZG05,세정기_std,1.2031726837158203e-05
HZG05,솔트조_온도_1_Zone_mean,1.0836641788482667e-05
HZG05,솔트조_온도_1_Zone_std,1.0750845670700073e-05
HZG05,소입로_온도_1_Zone_max,1.0677907466888427e-05
HZG15,소입로_온도_1_Zone_std,4.062618732452393e-05
HZG15,소입로_온도_4_Zone_mean,2.8252379894256593e-05
HZG15,건조로_온도_2_Zone_range,2.1984784603118896e-05
HZG15,소입로_온도_4_Zone_min,2.00258207321167e-05
HZG15,소입로_온도_3_Zone_mean,1.9642289876937865e-05
HZG15,소입로_온도_4_Zone_range,1.6540110111236573e-05
HZG15,소입로_온도_4_Zone_max,1.5233339071273805e-05
HZG15,건조로_온도_2_Zone_mean,1.2475762367248535e-05
HZG15,건조로_온도_1_Zone_std,1.1398167610168458e-05
HZG15,건조로_온도_2_Zone_max,1.0778353214263916e-05
HZG16,소입로_온도_4_Zone_range,4.0894651412963865e-05
HZG16,소입로_온도_1_Zone_std,3.934351444244385e-05
HZG16,솔트_컨베이어_온도_2_Zone_mean,3.608370780944824e-05
HZG16,소입로_온도_4_Zone_max,3.4712085723876954e-05
HZG16,소입로_온도_2_Zone_max,3.086296796798706e-05
HZG16,소입로_온도_4_Zone_mean,2.7738161087036133e-05
HZG16,소입로_온도_4_Zone_min,1.757627606391907e-05
HZG16,소입로_온도_3_Zone_mean,1.3977491855621338e-05
HZG16,건조로_온도_1_Zone_std,1.0884796380996704e-05
HZG16,건조로_온도_2_Zone_mean,9.413816928863525e-06
HZG17,소입로_온도_4_Zone_range,3.186715602874756e-05
HZG17,소입로_온도_4_Zone_mean,2.919677734375e-05
HZG17,소입로_온도_3_Zone_mean,2.8801066875457765e-05
HZG17,건조로_온도_2_Zone_range,2.6802098751068116e-05
HZG17,솔트조_온도_1_Zone_mean,2.4755904674530028e-05
HZG17,소입로_온도_4_Zone_min,1.7148574590682982e-05
HZG17,소입로_온도_4_Zone_max,1.5194475650787353e-05
HZG17,소입로_온도_1_Zone_max,1.2586530447006226e-05
HZG17,세정기_std,1.1586294174194336e-05
HZG17,솔트조_온도_2_Zone_std,1.0023273229599e-05
