LOT_NO,작업일,작업일_최신,양품수량,불량수량,총수량,불량률,건조로_온도_1_Zone_mean,건조로_온도_1_Zone_std,건조로_온도_1_Zone_max,건조로_온도_1_Zone_min,건조로_온도_1_Zone_range,건조로_온도_2_Zone_mean,건조로_온도_2_Zone_std,건조로_온도_2_Zone_max,건조로_온도_2_Zone_min,건조로_온도_2_Zone_range,소입로_온도_1_Zone_mean,소입로_온도_1_Zone_std,소입로_온도_1_Zone_max,소입로_온도_1_Zone_min,소입로_온도_1_Zone_range,소입로_온도_2_Zone_mean,소입로_온도_2_Zone_std,소입로_온도_2_Zone_max,소입로_온도_2_Zone_min,소입로_온도_2_Zone_range,소입로_온도_3_Zone_mean,소입로_온도_3_Zone_std,소입로_온도_3_Zone_max,소입로_온도_3_Zone_min,소입로_온도_3_Zone_range,소입로_온도_4_Zone_mean,소입로_온도_4_Zone_std,소입로_온도_4_Zone_max,소입로_온도_4_Zone_min,소입로_온도_4_Zone_range,소입로_CP_값_mean,소입로_CP_값_std,소입로_CP_값_max,소입로_CP_값_min,소입로_CP_값_range,솔트조_온도_1_Zone_mean,솔트조_온도_1_Zone_std,솔트조_온도_1_Zone_max,솔트조_온도_1_Zone_min,솔트조_온도_1_Zone_range,솔트조_온도_2_Zone_mean,솔트조_온도_2_Zone_std,솔트조_온도_2_Zone_max,솔트조_온도_2_Zone_min,솔트조_온도_2_Zone_range,솔트_컨베이어_온도_1_Zone_mean,솔트_컨베이어_온도_1_Zone_std,솔트_컨베이어_온도_2_Zone_mean,솔트_컨베이어_온도_2_Zone_std,세정기_mean,세정기_std
HZE06,2022.5.16,2022.5.18 23:15,90490,42,90532,0.000463924,99.99875671,0.502856712,101.6405261,98.36922594,3.271300118,100.0174806,0.351739856,101.0421482,98.84013329,2.202014896,859.020493,4.180224045,871.5104333,848.7387392,22.7716941,859.9905992,0.639987652,861.8267837,858.0165368,3.810246907,859.9957693,0.387365589,860.9885576,858.9571063,2.03145131,859.9918986,0.357784434,861.1738661,858.8362648,2.337601235,0.449949627,0.00523756,0.480893849,0.421890801,0.059003047,332.2047284,0.119966996,332.5999255,331.8965312,0.703394319,332.5393841,0.133712383,332.8539333,332.2411255,0.612807814,284.6827742,9.538482343,280.5596403,6.666816778,69.77150816,0.56821468
HZG02,2022.7.12,2022.7.14 5:51,60201,32,60233,0.00053127,100.0396491,0.415254802,101.7771554,98.85677843,2.920376969,100.1094328,0.323251287,101.4780613,99.3660669,2.111994359,859.2445074,2.751510799,870.4495445,852.3301885,18.119356,859.9875788,0.461781356,861.8059791,858.4654055,3.340573589,859.9996813,0.296064403,860.7641038,859.0044772,1.759626633,860.0013933,0.416172356,861.162074,858.5056647,2.656409227,0.450161797,0.00355557,0.471607801,0.431293773,0.040314028,332.2603206,0.123008755,332.5675437,331.8564884,0.711055285,332.2180209,0.173751934,332.5305415,331.7425273,0.788014195,284.9660678,9.500784936,280.6812223,6.768418387,69.23196889,1.273786363
HZD04,2022.4.7,2022.4.9 3:08,89620,58,89678,0.000646758,100.0055507,0.483257084,101.8184775,98.19575251,3.622724963,99.99256514,0.496321698,101.4150854,98.02832812,3.386757267,859.0078019,3.963702716,875.1587171,845.9255007,29.23321642,860.0060729,0.586485732,862.124202,857.2603608,4.863841232,860.0105323,0.356824154,861.3607824,858.7326941,2.628088327,860.0085838,0.306370666,861.3545896,858.7848145,2.569775129,0.450180665,0.003090188,0.470531548,0.435498033,0.035033514,332.0947788,0.142910805,332.5132874,331.5780661,0.935221325,332.4308675,0.137107591,332.6992379,332.0246492,0.674588628,284.5574824,9.659209455,280.1440142,6.92514562,67.07744282,0.542296501
HYM30,2022.1.3,2022.1.3 13:27,15160,3,15163,0.00019785,99.94345982,0.593971417,101.755,97.8385,3.9165,100.0618955,0.483517773,101.247,98.4388,2.8082,859.4867858,3.574274467,870.536,847.607,22.929,860.0124179,0.400697016,861.258,858.883,2.375,860.0097473,0.281660632,860.889,859.352,1.537,860.0106227,0.553494155,862.014,858.474,3.54,0.450505033,0.005897484,0.505652,0.430979,0.074673,329.0159786,0.122710831,329.293,328.659,0.634,329.0704945,0.116509396,329.3,328.805,0.495,282.5796577,9.371322858,280.1500494,6.03402862,69.60287676,0.845302368
HZF06,2022.6.16,2022.6.17 10:54,75829,66,75895,0.000869623,100.0076466,0.306379274,101.367,98.5605,2.8065,100.0009063,0.208789646,100.954,98.8526,2.1014,858.8240075,3.093566882,872.961,847.832,25.129,859.9997732,0.514671523,861.698,856.76,4.938,860.0012717,0.312237454,861.177,858.772,2.405,859.9982869,0.296107388,861.187,858.732,2.455,0.450134613,0.003217043,0.477732,0.433973,0.043759,332.0778026,0.125707107,332.453,331.606,0.847,332.639766,0.135076497,333.127,332.295,0.832,284.4955038,9.24708284,280.2499395,6.7871013,68.78039338,0.388219509
HZG15,2022.7.12,2022.7.14 1:51,44732,5,44737,0.000111764,99.99823105,0.320028191,101.6602058,98.45039603,3.209809732,100.0368476,0.34307383,101.5728814,98.677536,2.895345441,859.993709,1.792712147,870.4470426,852.494126,17.95291656,860.0147933,0.328737464,862.0859911,858.4332872,3.652703892,859.9968673,0.241108749,860.8239545,859.0580412,1.765913383,860.0018691,0.265819724,861.2838132,858.6542765,2.629536692,0.450027703,0.002943738,0.467502145,0.433705786,0.033796359,331.9193607,0.264808538,332.5798083,331.4900227,1.089785614,331.7205089,0.394338799,332.4771212,331.1864999,1.290621298,284.5426526,9.316660208,279.9823308,6.657633796,68.70269548,0.994295351
HZA06,2022.1.10,2022.1.11 0:50,104740,21,104761,0.000200456,99.99792436,0.383712695,101.969,97.8595,4.1095,100.0153574,0.264695901,101.408,98.7373,2.6707,859.2454671,2.491820831,871.001,850.381,20.62,860.0023722,0.383545055,861.385,858.075,3.31,860.0039133,0.269427116,860.852,858.608,2.244,860.0027929,0.314065418,861.77,858.347,3.423,0.453210606,0.029675417,0.909111,0.418617,0.490494,329.1465975,0.13108985,329.659,328.704,0.955,329.470628,0.12221272,329.844,329.083,0.761,283.033475,9.326360345,279.2991568,6.378336908,66.08238534,1.442992498
HZC14,2022.3.28,2022.3.29 20:19,89706,19,89725,0.000211758,100.0042238,0.422173825,101.9791618,98.00015301,3.979008773,100.0174519,0.317176705,101.4986605,98.39479686,3.103863592,858.1994589,4.36870134,874.5996797,845.7339362,28.86574346,859.9866766,0.660878681,862.1179893,857.4090972,4.708892193,859.9969303,0.381073313,861.0106612,858.8020986,2.208562597,859.9934458,0.320262387,861.0955253,858.9384141,2.157111173,0.450371297,0.004504847,0.488437658,0.426803967,0.061633691,332.0512651,0.129235175,332.465745,331.6547743,0.810970699,332.6201096,0.089379888,332.8850686,332.3901637,0.494904809,283.8005952,9.635255387,279.7656496,6.243130752,67.10340059,0.353258094
HZD06,2022.4.11,2022.4.14 1:51,59793,54,59847,0.000902301,100.023241,0.389601243,101.9460866,98.81371785,3.13236872,100.0183228,0.345405939,101.3875494,98.58795975,2.799589603,859.3534562,3.911377485,873.2582807,847.5582275,25.70005314,860.0061763,0.508104216,861.726302,858.1024617,3.623840293,860.0012989,0.308514835,860.9142882,859.1401729,1.774115244,860.0083091,0.292106167,861.2527262,859.1884424,2.064283774,0.449178407,0.007817794,0.477556998,0.393050139,0.084506859,332.0037532,0.133114274,332.5046914,331.626206,0.878485388,332.4727622,0.148467496,332.8644589,332.0509575,0.813501379,283.9318525,9.58479763,280.3907171,6.330877866,68.8693551,0.51700321
HZB10,2022.3.1,2022.3.1 14:41,30019,6,30025,0.000199833,100.0005595,0.430479522,101.817,98.1054,3.7116,99.98149321,0.369037193,101.419,98.3714,3.0476,859.7583476,3.056921435,871.81,849.054,22.756,860.015811,0.412279332,861.269,858.446,2.823,859.9996579,0.212870697,860.734,859.369,1.365,860.0011221,0.355041717,861.261,858.79,2.471,0.450229018,0.00301106,0.467278,0.434224,0.033054,331.9312342,0.093297761,332.292,331.657,0.635,332.471439,0.078212612,332.683,332.235,0.448,283.3676479,9.564307146,279.7368507,6.506991147,66.65086686,0.420008138
HZG05,2022.7.18,2022.7.19 6:59,40981,12,40993,0.000292733,100.0284865,0.347967758,101.563,99.0187,2.5443,100.0261785,0.323294407,101.474,99.2704,2.2036,859.4943192,2.484228801,869.412,851.901,17.511,860.0186165,0.467978145,862.369,858.53,3.839,860.0006485,0.291317472,860.777,858.834,1.943,860.0023953,0.313157743,861.062,858.99,2.072,0.450103869,0.00324104,0.472634,0.434892,0.037742,332.2092811,0.096231451,332.483,331.854,0.629,332.1257045,0.118019813,332.335,331.655,0.68,284.1903407,9.223505733,279.9778017,6.538110889,69.6958481,1.139860672
HZD02,2022.4.5,2022.4.6 2:49,89490,58,89548,0.000647697,100.0081648,0.401790724,101.718,98.1708,3.5472,100.010856,0.400283173,101.541,97.9144,3.6266,859.0729754,4.08224821,873.974,844.399,29.575,860.0042801,0.544883227,861.985,857.541,4.444,860.0028743,0.325884288,861.27,859.071,2.199,860.0049637,0.27487703,861.12,858.899,2.221,0.450145846,0.003344669,0.468921,0.430061,0.03886,332.1309891,0.121141502,332.576,331.727,0.849,332.3745624,0.172966817,332.704,331.854,0.85,284.2656489,9.598699775,280.135312,6.606400316,66.82979967,0.479298423
HZE07,2022.5.18,2022.5.19 14:27,77656,2,77658,2.58E-05,100.0165244,0.408457437,101.8748045,98.43022938,3.444575144,100.0320096,0.290069231,101.2960135,99.03821659,2.257796955,859.1110605,4.000452247,875.3495174,848.671577,26.67794044,859.9905086,0.58477993,862.2969294,857.8265639,4.470365487,859.9929503,0.349256508,861.2107339,858.9126196,2.298114283,859.993482,0.353738133,861.3899848,858.5185129,2.871471954,0.450204699,0.004933265,0.485483897,0.419226586,0.066257311,332.1367165,0.135479381,332.5401835,331.6578993,0.882284208,332.6473939,0.115021023,332.9353338,332.2708466,0.664487226,284.8150655,9.474938439,280.7474717,6.848088499,69.94446738,0.479782013
HZF10,2022.6.18,2022.6.19 6:15,90448,10,90458,0.000110549,100.0010484,0.337940298,101.825,98.6797,3.1453,99.99583964,0.278457388,101.327,98.6142,2.7128,859.2245778,3.100045282,874.356,845.845,28.511,859.9929375,0.404324133,861.681,857.801,3.88,860.0045729,0.235203841,861.06,859.16,1.9,860.0019079,0.220535356,861.389,858.94,2.449,0.450114447,0.003466429,0.476596,0.429568,0.047028,332.1037622,0.113288139,332.42,331.685,0.735,332.6423489,0.151866398,333.033,332.051,0.982,284.7790415,9.344867226,280.4319785,6.873057153,69.59261816,0.496356481
HZG03,2022.7.15,2022.7.16 7:57,59957,16,59973,0.000266787,100.0242083,0.314558566,101.686,99.2068,2.4792,100.0054025,0.259796098,101.474,98.9911,2.4829,859.8492562,1.881960046,871.661,855.453,16.208,860.0082531,0.300197349,861.937,859.298,2.639,859.9881721,0.206379439,860.616,858.966,1.65,859.9986608,0.206362896,860.595,858.952,1.643,0.450102601,0.002626076,0.464817,0.438643,0.026174,332.1557669,0.173018589,332.559,331.552,1.007,332.1624647,0.260721987,332.432,331.272,1.16,284.2365294,9.317693323,279.9873812,6.612383819,70.12838838,0.499362582
HZE04,2022.5.11,2022.5.13 5:52,90410,22,90432,0.000243277,100.004548,0.468027275,101.8660993,98.17744836,3.688650892,100.0232251,0.405959867,101.4550868,98.1072318,3.347855046,859.8900003,4.829675972,875.5020244,843.2763556,32.22566882,860.0233355,0.711839749,862.9707708,856.9535831,6.017187666,859.9859485,0.399456648,861.6185748,858.7216709,2.896903895,859.992343,0.343889337,861.1088139,858.4823169,2.626496948,0.450083464,0.004268936,0.473975448,0.423851142,0.050124307,331.9340846,0.355971603,332.4855491,330.8464715,1.639077594,332.620599,0.312950834,333.1455378,331.6452786,1.500259189,284.9732696,9.524493231,280.6115886,6.922224328,68.84432015,0.558389981
HZF11,2022.6.21,2022.6.21 22:38,18127,1,18128,5.52E-05,100.0114804,0.606838091,102.097,97.8272,4.2698,99.94807588,0.480110805,101.297,98.5263,2.7707,858.9149153,4.765821711,875.571,848.342,27.229,860.0124065,0.698924523,862.507,857.627,4.88,860.0050316,0.419223793,861.232,858.72,2.512,860.0013761,0.393867893,861.43,858.553,2.877,0.450046543,0.002661957,0.460427,0.44004,0.020387,332.0156766,0.0981597,332.261,331.777,0.484,332.4928005,0.104775392,332.75,332.237,0.513,283.2240494,9.117058309,279.1383559,6.5982395,69.28360379,0.582771177
HZD17,2022.5.2,2022.5.3 11:49,60147,38,60185,0.000631387,100.0001168,0.410433469,101.983,98.1436,3.8394,100.0106781,0.28642673,101.409,98.36,3.049,858.8837933,3.42485348,874.36,848.258,26.102,859.9954101,0.488990917,862.188,857.596,4.592,859.9947268,0.301979862,861.102,858.836,2.266,859.9898001,0.302809472,861.157,858.738,2.419,0.450143766,0.002742749,0.468168,0.433382,0.034786,332.0612486,0.113201694,332.36,331.665,0.695,332.796581,0.075423936,333.001,332.474,0.527,284.234863,9.576528384,280.2039296,6.732381813,67.7206081,0.495703316
HZC07,2022.3.12,2022.3.16 13:35,74993,20,75013,0.00026662,100.0096546,0.591817581,101.8549209,98.17602216,3.678898756,99.99979861,0.431557964,101.1296552,98.71890197,2.410753261,859.1295701,3.546357826,871.6863374,850.0054647,21.68087273,860.0047449,0.722856265,862.530338,857.6731546,4.857183422,859.9986082,0.446676572,861.2380726,858.6053637,2.632708864,860.0007903,0.420584431,861.1548611,858.4126344,2.742226761,0.442335718,0.016344884,0.473336802,0.402336121,0.071000681,331.9633695,0.120721805,332.3143033,331.5293757,0.784927573,332.2173447,0.149685858,332.4988832,331.7150441,0.783839175,283.8370195,9.65744249,279.8410342,6.532676592,66.93280622,0.347942871
HZC04,2022.3.10,2022.3.10 13:06,18356,2,18358,0.000108944,99.99053571,0.53204845,101.793,97.9762,3.8168,100.0334635,0.414124388,101.328,98.6342,2.6938,859.3179139,3.835901842,872.085,847.302,24.783,859.9933855,0.803918692,862.62,856.905,5.715,859.9961539,0.435162398,861.272,858.354,2.918,859.9969357,0.401456365,861.891,858.791,3.1,0.450165462,0.001379152,0.456299,0.444578,0.011721,332.0819296,0.084897083,332.334,331.857,0.477,332.2995632,0.067943282,332.507,332.067,0.44,284.2259187,9.681983038,279.860298,6.9611253,67.72346706,0.250647842
HZE08,2022.5.20,2022.5.21 0:54,90301,7,90308,7.75E-05,100.0012348,0.517739735,101.775,98.1508,3.6242,99.9975899,0.433964079,101.307,98.2773,3.0297,859.1966131,3.683173887,875.035,845.268,29.767,859.9984617,0.611008073,862.602,857.347,5.255,860.0050978,0.380327844,861.523,858.497,3.026,860.0042732,0.351419853,861.347,858.448,2.899,0.45023796,0.003577071,0.47946,0.432405,0.047055,332.1118268,0.132652905,332.554,331.666,0.888,332.5205383,0.15275028,332.983,332.052,0.931,284.8543156,9.637913124,280.3998802,6.755159209,69.82768021,0.546275365
HZC03,2022.3.8,2022.3.9 12:43,75695,30,75725,0.00039617,99.99059156,0.308870875,100.945,98.441,2.504,99.97799937,0.265453644,100.696,98.2491,2.4469,859.3942727,1.764977147,865.771,852.343,13.428,859.9983372,0.308970043,861.296,858.867,2.429,860.0051878,0.18650975,860.612,859.208,1.404,860.0012001,0.224193028,860.828,859.095,1.733,0.450067716,0.001873533,0.463183,0.439765,0.023418,332.0116363,0.086581756,332.314,331.715,0.599,332.3231369,0.062263915,332.532,332.107,0.425,283.1895149,9.668451698,279.4715292,6.593736925,66.71980988,0.486478459
HZC05,2022.3.10,2022.3.11 4:05,27498,8,27506,0.000290846,100.0230366,0.430106393,102.019,98.4645,3.5545,100.0163545,0.436090167,101.446,98.2392,3.2068,859.3902097,2.881033945,870.86,851.061,19.799,860.0143776,0.585000631,862.539,857.824,4.715,860.0036747,0.30874233,861.091,858.875,2.216,860.0017981,0.312842368,861.304,858.705,2.599,0.45026488,0.002201328,0.461047,0.441359,0.019688,332.0331838,0.104463762,332.287,331.632,0.655,332.2292548,0.134171635,332.477,331.843,0.634,283.7623195,9.560359878,279.7228209,6.487550852,67.59505882,0.302222205
HZF03,2022.6.10,2022.6.11 12:24,90517,4,90521,4.42E-05,100.0027369,0.520214799,102.122,97.6423,4.4797,99.99406121,0.493702997,101.457,98.08,3.377,858.9082755,4.599494657,876.446,844.007,32.439,859.9967518,0.6809013,862.535,857.048,5.487,860.0034366,0.378459653,861.288,858.775,2.513,859.998516,0.372564707,861.673,858.409,3.264,0.450235551,0.005053651,0.479443,0.386209,0.093234,332.1562761,0.151055853,332.547,331.628,0.919,332.187531,0.134167818,332.522,331.67,0.852,283.7617016,9.279701707,279.6275644,6.869638161,68.04141126,0.525026319
HZE13,2022.5.31,2022.5.31 21:50,35676,10,35686,0.000280222,99.99304523,0.55469283,102.192,97.8318,4.3602,99.99120487,0.472642758,101.397,98.4503,2.9467,859.2002644,5.619159423,875.433,845.841,29.592,859.9969551,0.79214424,862.388,856.891,5.497,859.992711,0.446790659,861.488,858.732,2.756,860.0022144,0.427240998,861.455,858.485,2.97,0.450063828,0.005163664,0.48162,0.425524,0.056096,332.0325589,0.202020275,332.717,331.545,1.172,332.5208953,0.159740956,333.059,332.051,1.008,284.9857162,9.522748077,280.3883018,6.639796853,68.27678059,0.587652099
HZB11,2022.3.1,2022.3.2 12:17,45471,10,45481,0.000219872,99.99491779,0.423528241,102.307,98.2296,4.0774,100.0119681,0.376462727,101.656,98.2153,3.4407,859.7905181,2.865034684,872.044,849.423,22.621,860.0070772,0.502545507,862.036,857.948,4.088,859.9953207,0.33574489,860.897,858.911,1.986,860.0012871,0.347397264,861.38,858.934,2.446,0.450146016,0.003024487,0.47112,0.431665,0.039455,331.848124,0.127453347,332.19,331.347,0.843,332.4404595,0.225012517,332.787,331.817,0.97,283.7829253,9.612464437,279.5931156,6.624043767,65.73961425,0.565632263
HZD07,2022.4.13,2022.4.14 13:57,86073,40,86113,0.000464506,99.99522126,0.475459955,101.6722819,98.21537583,3.456906101,99.99154173,0.417042496,101.3515216,98.04769508,3.303826519,858.4700651,4.021386111,872.7617092,843.9706843,28.79102497,859.9983927,0.636668272,862.1043139,857.3868337,4.717480241,859.9995569,0.374261943,861.2358228,858.861336,2.37448686,859.995681,0.342968244,861.2583012,858.7936903,2.464610918,0.450463782,0.004403456,0.470397456,0.431910134,0.038487322,331.822199,0.113084933,332.2169638,331.2754455,0.941518284,332.4880818,0.146260225,332.944952,331.8951974,1.049754636,283.61276,9.513414567,279.7067108,6.116694571,66.89365757,0.533690549
HZD13,2022.4.25,2022.4.27 4:07,74401,14,74415,0.000188134,99.98969963,0.437511697,101.8670003,97.71900344,4.147996829,100.0198449,0.381326713,101.443601,98.26963952,3.173961477,859.4177809,3.503400958,874.7772012,847.162433,27.61476818,860.0022801,0.558283455,862.3108035,857.3270056,4.983797877,860.0011915,0.324601574,861.2003985,858.5937996,2.606598912,860.0023311,0.269926486,861.3289957,858.7658022,2.563193523,0.450216011,0.00364356,0.477837242,0.43304867,0.044788573,331.9105602,0.14902114,332.3147974,331.4543887,0.860408748,332.4169365,0.257904011,332.9391949,331.9805838,0.958611073,284.3170685,9.634066422,280.4969167,6.5687018,66.90555156,1.303171132
HZB05,2022.2.21,2022.2.22 9:04,74537,46,74583,0.000616763,99.99413698,0.460472692,102.269,97.6224,4.6466,99.99308606,0.370185248,101.563,98.2965,3.2665,859.6877682,2.354420575,871.029,850.597,20.432,860.0082022,0.329969705,861.431,858.218,3.213,859.9963575,0.202768836,860.652,859.328,1.324,860.0019834,0.374568538,861.868,858.158,3.71,0.449400995,0.00513541,0.469162,0.410689,0.058473,331.9143711,0.132661402,332.393,331.445,0.948,332.1087692,0.235574914,332.664,331.427,1.237,282.9341833,9.372912066,279.1032083,6.16352537,65.15502089,0.779810418
HZA01,2022.1.3,2022.1.5 6:20,89508,40,89548,0.000446688,99.99278112,0.486974592,101.9191928,97.84432333,4.074869435,100.0361307,0.347438156,101.4215267,98.53971619,2.881810502,859.5390733,2.891232138,870.2320856,850.3245417,19.90754389,859.9948681,0.390812427,861.6564557,858.7314098,2.925045875,859.9939277,0.241660157,861.0005549,859.1223127,1.878242172,860.0022408,0.439197961,861.7474596,858.2642422,3.48321747,0.44962599,0.004844584,0.472423988,0.416400929,0.056023059,329.0884537,0.113810182,329.4096079,328.7103269,0.699280989,329.0736877,0.106746392,329.2955126,328.7542757,0.541236879,283.1473239,9.619424097,279.4652103,6.830680243,69.54992693,1.086705699
HZD15,2022.4.28,2022.4.30 4:07,90186,48,90234,0.00053195,99.99890727,0.47649339,101.8313454,98.01796823,3.813377139,99.97405946,0.433257709,101.4300027,98.20335591,3.226646818,859.1376876,4.5132646,874.8347598,844.3200103,30.51474945,860.0026099,0.694632646,862.0331497,856.7220516,5.311098078,860.0043396,0.381414214,861.4412814,858.7328112,2.708470178,859.9987995,0.280622412,861.2412393,858.9823821,2.258857238,0.4502288,0.002399139,0.466937078,0.438669236,0.028267842,331.9117363,0.161514004,332.2425242,331.4437147,0.798809529,332.6175483,0.242908252,333.03131,332.1102853,0.921024736,283.955503,9.503326994,279.7803256,6.440592253,66.20879286,1.077531927
HZA11,2022.1.20,2022.1.21 0:44,89726,5,89731,5.57E-05,100.0066338,0.338781788,101.912,98.2454,3.6666,100.01058,0.252292967,101.401,98.5351,2.8659,859.6155554,1.973977444,871.3565,851.348,20.0085,860.0029085,0.381311781,861.116,858.875,2.241,860.0138013,0.258872122,860.939,859.174,1.765,860.0031571,0.335613379,861.857,857.992,3.865,0.449920006,0.003176527,0.466862,0.422714,0.044148,332.194903,0.09670706,332.591,331.822,0.769,332.4489947,0.068886894,332.683,332.107,0.576,282.8842645,9.418357056,279.1441209,6.665662912,66.04309391,0.647223672
HZC11,2022.3.23,2022.3.24 6:01,90142,17,90159,0.000188556,100.0026019,0.469222028,101.748,98.0944,3.6536,100.0012267,0.383621906,101.39,98.0769,3.3131,858.5045589,4.744685457,873.433,841.402,32.031,860.0053159,0.700857826,861.919,856.798,5.121,859.9963067,0.413961324,861.399,858.601,2.798,859.9992091,0.32009782,861.316,858.762,2.554,0.450150932,0.003362763,0.471632,0.433237,0.038395,331.9836025,0.105197432,332.378,331.559,0.819,332.6388973,0.107301239,332.86,332.194,0.666,283.6673141,9.557612883,279.7635013,6.380445357,65.47986562,0.52826504
HZC09,2022.3.18,2022.3.19 5:51,89797,16,89813,0.000178148,99.99807015,0.477057082,102.154,98.2038,3.9502,100.0115785,0.342183299,101.347,98.0279,3.3191,858.9678181,2.625798473,869.285,849.968,19.317,859.9970348,0.585361032,862.984,857.015,5.969,860.003233,0.345313068,861.563,858.288,3.275,859.9994237,0.366885523,861.39,858.245,3.145,0.45033187,0.004599368,0.4847125,0.424417,0.0602955,331.9719616,0.113712715,332.369,331.547,0.822,332.3909978,0.114855144,332.618,331.879,0.739,283.8360687,9.607231997,279.8187608,6.231420647,66.53009236,0.389814971
HZF01,2022.6.5,2022.6.7 19:33,90033,12,90045,0.000133267,100.0318733,0.434910437,101.8954094,98.31699031,3.57841913,100.0368617,0.356092413,101.2983205,98.49368549,2.804634999,859.6417572,3.762172837,873.7271102,848.5643957,25.16271454,860.0160417,0.51559435,862.1442733,857.9835246,4.160748692,860.0055946,0.315028146,861.0751517,858.8106323,2.264519396,860.002044,0.310688705,861.1344836,858.6773976,2.45708599,0.436754855,0.043815144,0.487653348,0.271091763,0.216561585,332.1796859,0.224922434,332.6148962,331.4580091,1.156887079,332.1988493,0.209182533,332.6034868,331.5527509,1.050735854,284.7271866,9.682569046,280.539543,7.019670902,68.99068534,0.735130619
HZG01,2022.7.12,2022.7.13 2:29,29925,23,29948,0.000767998,100.077765,0.394076584,101.584,99.0704,2.5136,100.1071406,0.291599265,101.244,98.7721,2.4719,859.8892821,2.226709042,870.338,854.039,16.299,860.0226984,0.34425433,861.75,859.004,2.746,860.0066943,0.262088423,860.58,859.208,1.372,860.0070285,0.303685715,860.877,858.721,2.156,0.450008171,0.002221024,0.463379,0.435349,0.02803,332.1232083,0.225991943,332.571,331.576,0.995,332.0936495,0.329922792,332.482,331.356,1.126,285.0080433,9.238917702,280.647449,6.65043402,69.61429998,0.812119001
HZA14,2022.1.25,2022.1.26 6:19,89616,1,89617,1.12E-05,99.99722163,0.397989272,101.756,98.0614,3.6946,99.99587071,0.264502511,101.384,98.6671,2.7169,859.5848451,2.060538859,871.051,850.987,20.064,860.011244,0.37406126,862.046,858.948,3.098,860.0013199,0.259749806,860.689,859.143,1.546,859.9984484,0.299243963,861.754,858.746,3.008,0.450131624,0.002713905,0.465954,0.432447,0.033507,332.1864507,0.087139656,332.458,331.87,0.588,332.4037922,0.101773339,332.671,332.07,0.601,283.0420987,9.453826818,279.3398175,6.292982487,68.02967382,0.6865841
HZE03,2022.5.9,2022.5.10 16:21,90481,19,90500,0.000209945,99.99246562,0.455456604,101.8685119,97.83723058,4.031281313,100.0185787,0.351503806,101.4003121,98.20769206,3.192619999,858.9173597,3.818300779,874.4377269,846.123214,28.31451295,859.9901649,0.584849939,862.3358764,857.3054037,5.03047274,859.9922596,0.33608969,861.0537806,858.7814459,2.272334696,859.9911191,0.333014292,861.454932,858.7746839,2.680248144,0.450105622,0.003304975,0.471915966,0.434032206,0.037883761,332.0684296,0.125288965,332.4174799,331.6985458,0.718934122,332.7670353,0.125622885,333.0998249,332.4123213,0.687503635,284.4774706,9.625725177,280.3696709,6.503541428,68.43464589,0.475091805
HZB09,2022.2.27,2022.2.28 14:29,104580,44,104624,0.000420554,99.99736437,0.398932103,101.5403718,97.92894412,3.611427649,100.0014451,0.268138649,101.0102471,98.77997935,2.230267701,859.7869516,2.185814852,870.8789408,851.3713695,19.50757134,859.9877318,0.355685428,861.8329659,858.1309876,3.701978284,859.9955539,0.250018926,861.2820231,859.1071384,2.174884692,859.9966295,0.318301387,861.4535423,858.3918943,3.061647958,0.449977036,0.002858904,0.473732509,0.42561689,0.048115619,331.9195726,0.103995298,332.2891023,331.5730916,0.716010705,332.4353942,0.142420289,332.7269335,332.0072029,0.71973054,283.6936396,9.617103249,279.8415276,6.675135175,65.5695771,0.45108197
HZE02,2022.5.5,2022.5.6 7:14,40000,7,40007,0.000174969,100.027868,0.356892458,101.801,99.0323,2.7687,100.0349228,0.340685097,101.402,98.1613,3.2407,858.8587475,4.263385972,875.426,844.498,30.928,859.9989908,0.535735418,862.065,857.792,4.273,859.9957389,0.300134642,861.205,859.066,2.139,859.9951202,0.311375762,861.205,858.749,2.456,0.450333943,0.003787427,0.486733,0.432664,0.054069,332.0045985,0.115014883,332.271,331.591,0.68,332.7337995,0.122928823,332.979,332.317,0.662,284.6983786,9.721673429,280.3129308,6.433293941,68.41842558,0.51546978
HZF14,2022.6.25,2022.6.29 1:11,90538,23,90561,0.000253972,100.0151801,0.445752319,101.8066488,98.24207066,3.564578163,100.0088839,0.382292225,101.3113371,98.2767612,3.034575937,859.1122757,4.256616846,875.0873035,846.7080396,28.37926392,859.9970167,0.611360872,862.1362998,857.6668723,4.469427502,859.9918127,0.349847763,861.1000496,858.7957055,2.304344022,860.0003198,0.32110946,861.177996,858.804022,2.373974029,0.449774853,0.006042381,0.488148214,0.407853692,0.080294522,332.0958548,0.168995042,332.4686403,331.5463493,0.922291019,332.2033108,0.207287322,332.5960133,331.5720776,1.023935601,284.4585705,9.221384367,280.3245355,6.695845911,69.35215241,0.484218886
HZA07,2022.1.12,2022.1.12 23:21,89759,8,89767,8.91E-05,100.0002979,0.325912857,102.034,98.3049,3.7291,99.99830374,0.216606731,101.333,98.7725,2.5605,859.5505423,2.044975225,870.49,851.431,19.059,860.003282,0.312101594,861.185,858.927,2.258,859.9945633,0.190088017,860.689,859.19,1.499,859.9942979,0.310360233,861.688,858.145,3.543,0.450599581,0.007301212,0.60676,0.4337975,0.1729625,329.1626999,0.116527952,329.6,328.775,0.825,329.61138,0.079235343,329.919,329.39,0.529,282.4264487,9.247359006,279.0905196,6.291207788,65.76448033,0.358652853
HZD08,2022.4.14,2022.4.15 12:22,89635,27,89662,0.000301131,100.0033619,0.457643643,102.112,98.1891,3.9229,99.99921157,0.403644638,101.372,97.8866,3.4854,858.7591062,4.251751144,873.498,843.214,30.284,859.9946391,0.654263414,862.329,856.968,5.361,859.9972615,0.384026682,861.593,858.714,2.879,859.9946972,0.352590543,861.841,858.316,3.525,0.450484504,0.004316278,0.479157,0.424217,0.05494,331.7727631,0.12686705,332.117,331.366,0.751,332.4900751,0.122316436,332.774,332.08,0.694,283.957459,9.586648949,279.7939026,6.481676722,67.01681031,0.432506259
HZC06,2022.3.10,2022.3.12 6:20,89624,14,89638,0.000156184,99.99416478,0.45292588,101.4836367,98.0636412,3.419995499,100.0058454,0.357486186,101.1894869,98.52181919,2.667667754,859.1716566,2.878238907,870.2327975,848.5431735,21.68962401,860.0047941,0.566340299,862.2387986,857.553054,4.685744673,860.0019141,0.332077509,861.245325,858.6421776,2.603147426,860.0047247,0.314240837,861.3996663,858.7841846,2.615481726,0.450392918,0.002172465,0.461095234,0.44226072,0.018834514,331.9937672,0.09714257,332.3071637,331.6704933,0.636670341,332.1673065,0.113611525,332.4451759,331.8014823,0.643693545,283.7118974,9.560617333,279.8781009,6.488476128,67.97273507,0.324511145
HZF15,2022.6.28,2022.6.30 23:47,90460,15,90475,0.000165792,100.0316294,0.502691297,101.542987,98.39590296,3.147084044,100.0580789,0.411733338,101.1920879,98.59986837,2.592219581,859.1829491,5.413350888,875.4665934,846.7350209,28.73157249,859.9942075,0.74087561,862.2115362,857.7254936,4.486042642,859.9984979,0.417567905,861.1611168,858.7015205,2.459596264,859.9987275,0.359148935,861.1835681,858.6723988,2.511169317,0.450134088,0.002662036,0.465640442,0.436878413,0.028762029,332.0809106,0.135067253,332.4046159,331.6776894,0.726926455,331.9862032,0.145022648,332.2626639,331.5545302,0.708133739,284.0515583,9.226976297,279.885868,6.765501322,68.30563998,0.677409714
HZD01,2022.4.2,2022.4.5 14:34,38152,11,38163,0.000288237,100.0414092,0.41045676,101.5620719,98.94616733,2.615904549,100.0706792,0.382913717,101.1214415,98.7885023,2.332939224,859.5126776,4.025964879,872.9849432,851.0538515,21.93109176,860.0101354,0.521578676,861.7634149,858.5551136,3.20830126,859.9945621,0.314291311,860.8220135,858.8648589,1.957154626,859.9961509,0.267562504,860.791896,859.0081954,1.7837006,0.437412888,0.031377873,0.460882078,0.347588456,0.113293622,331.988387,0.167439446,332.4082044,331.4455851,0.962619291,332.4564912,0.261553413,332.8039222,331.8832576,0.920664544,283.9188778,9.785683304,279.6591653,6.776251171,65.82811201,0.371115396
HZE14,2022.6.3,2022.6.3 21:49,68681,71,68752,0.001032697,100.0125356,0.41908322,101.72,98.2664,3.4536,100.0199788,0.270073739,101.268,98.6499,2.6181,858.3695716,4.020021386,871.69,841.449,30.241,859.9957594,0.593537109,861.521,857.028,4.493,859.9942924,0.364486926,861.301,858.77,2.531,859.9961645,0.299094224,861.502,859.075,2.427,0.450133141,0.003200929,0.467055,0.436153,0.030902,332.0541041,0.11090735,332.403,331.621,0.782,332.583079,0.100330203,332.876,332.215,0.661,284.6597201,9.383081025,280.4695023,6.923075552,69.99483029,0.511622755
HZD10,2022.4.18,2022.4.20 3:36,38160,68,38228,0.001778801,100.0357485,0.582738827,102.0920131,98.37351367,3.718499409,100.0359551,0.463516791,101.4711136,98.63501357,2.836100016,858.7968079,5.09484846,872.4043854,845.936528,26.46785738,860.0171776,0.775139843,862.2750925,857.4651869,4.809905671,860.0300148,0.446465164,861.4166151,858.9615769,2.455038244,860.0154949,0.391252353,861.1463749,858.8933286,2.253046249,0.450136808,0.005308852,0.482606183,0.428937033,0.053669149,331.8078457,0.106622192,332.0798271,331.4030915,0.676735691,332.552588,0.116619449,332.8250191,332.1982975,0.626721618,284.4986111,9.813427754,280.4469156,6.895591197,66.15260485,0.504434578
HZF12,2022.6.24,2022.6.24 23:32,59854,5,59859,8.35E-05,99.99412289,0.492765668,101.842,98.228,3.614,99.99988037,0.43260987,101.285,98.2693,3.0157,859.0372652,5.169957614,875.183,844.044,31.139,860.0020073,0.693281345,862.157,857.035,5.122,860.0013875,0.358195729,861.222,858.898,2.324,859.9977109,0.295009653,861.291,858.854,2.437,0.450103748,0.003013266,0.467711,0.434523,0.033188,331.9459258,0.109351353,332.223,331.547,0.676,332.6289538,0.12465347,332.875,332.18,0.695,284.4446501,9.246340796,279.9752528,6.702213121,69.07685648,0.453156053
HZA09,2022.1.15,2022.1.16 0:37,90088,9,90097,9.99E-05,99.99920942,0.317802632,101.661,98.2288,3.4322,100.0195356,0.211914251,101.317,98.4265,2.8905,859.6159715,1.8268129,870.222,851.189,19.033,859.9968321,0.336773912,861.0805,859.001,2.0795,859.9957421,0.242524805,860.662,858.997,1.665,859.9965086,0.299133478,861.69,858.822,2.868,0.450023487,0.003567273,0.502486,0.416441,0.086045,332.1446193,0.092466413,332.457,331.737,0.72,332.528794,0.099062098,332.749,332.072,0.677,282.9675261,9.352797468,279.8579313,6.476080978,66.56093175,0.582524026
HZC16,2022.3.31,2022.4.1 17:51,89833,10,89843,0.000111305,100.0027183,0.464725278,101.8762184,98.06312155,3.813096808,100.0199114,0.386926,101.44592,98.24456246,3.201357582,858.4749704,3.889552558,870.0819283,846.4193482,23.66258012,859.9806403,0.609668912,861.7817833,857.5263033,4.255480015,859.9971331,0.381055836,861.1609172,858.7054649,2.455452334,859.9959207,0.303994782,861.1408921,858.8722631,2.268629053,0.450128162,0.00305115,0.465740224,0.43462747,0.031112755,331.9821141,0.113660601,332.3514925,331.529947,0.821545541,332.6400055,0.145501844,332.8974665,332.1698931,0.727573456,283.6336848,9.543193376,279.7653689,6.720788686,66.83128093,0.406325629
HZC15,2022.3.29,2022.3.31 9:48,82584,46,82630,0.000556699,100.0007312,0.419793921,101.9869814,98.44170077,3.545280588,100.0055483,0.358261548,101.48643,98.42810231,3.058327678,858.0409523,4.193120472,873.3965147,845.4396362,27.95687849,859.9950157,0.620293904,862.1602711,857.3183073,4.841963815,860.0007005,0.36205809,861.3582344,858.8163649,2.541869539,860.0049252,0.282167755,861.2089063,858.9521779,2.256728428,0.450475915,0.003721995,0.469401504,0.434393484,0.03500802,332.0241921,0.128172337,332.4504112,331.5800559,0.870355319,332.5663032,0.11099704,332.8552149,332.2834297,0.571785187,284.0749002,9.577414196,279.7751388,6.089122737,68.31811887,0.336351954
HZD12,2022.4.23,2022.4.25 17:09,90587,10,90597,0.000110379,100.0137072,0.383924991,102.0230033,98.96009283,3.062910477,100.0390757,0.280011722,101.405517,99.02819838,2.377318587,859.312975,3.631280788,875.1491598,848.2558981,26.8932617,860.015234,0.526184734,862.3565228,858.0973841,4.25913868,859.9923267,0.308629514,861.0155393,858.9295998,2.085939568,859.9944627,0.242292572,860.7350356,858.8800215,1.855014073,0.450191203,0.003719743,0.470169159,0.433088318,0.037080841,331.8443033,0.178565819,332.1569528,331.1555948,1.001358025,332.4502919,0.216277787,332.7743845,331.8271532,0.947231365,284.5817262,9.573089801,280.3397715,6.777931791,67.83276688,0.81638049
HZF16,2022.6.30,2022.7.4 13:22,90510,17,90527,0.000187789,100.0096064,0.499093553,101.8333309,98.36754984,3.465781018,100.0231323,0.415032256,101.2932983,98.42157837,2.871719929,859.6099419,4.208735301,875.4829656,849.3896973,26.09326823,860.0094561,0.571886868,862.1074526,857.9014601,4.205992488,859.9987139,0.346366258,861.0125566,858.7532998,2.259256841,860.0078926,0.320626846,861.1413663,858.8477898,2.293576579,0.449144868,0.007727744,0.464973657,0.39483369,0.070139967,332.0931828,0.162640676,332.4573973,331.6059061,0.85149119,332.0059469,0.177742808,332.3259173,331.5016215,0.824295779,284.1957824,9.201491517,279.881304,6.705847938,68.33357743,0.488379102
HZD16,2022.4.29,2022.5.2 20:22,90098,26,90124,0.000288491,100.0341459,0.444120841,101.8024881,98.41155576,3.39093236,100.031568,0.320388396,101.3888247,98.81750392,2.571320801,858.9433887,2.659132406,869.9332151,851.0856964,18.8475187,860.0153102,0.42141731,861.8447573,858.3520723,3.492685045,860.0177339,0.294786273,860.9760151,859.0237911,1.952223947,860.0135242,0.275807525,861.0488798,858.9024334,2.146446385,0.434850679,0.017844866,0.469991752,0.397098652,0.0728931,331.9860016,0.095473493,332.2670268,331.5870143,0.68001245,332.6845131,0.115196951,333.0408855,332.2378621,0.80302339,283.9655956,9.409459471,280.26687,6.008682197,67.61599822,0.764350763
HZD11,2022.4.22,2022.4.23 20:34,61807,32,61839,0.000517473,100.0070113,0.502838101,101.8686601,98.28944063,3.579219423,100.0207559,0.453949038,101.4061018,98.31163131,3.094470501,859.2143073,4.7983328,874.6020172,845.7816538,28.82036341,860.027618,0.720555042,862.4615729,856.9267912,5.53478174,860.016285,0.382516977,861.1850725,858.8762476,2.308824852,860.0188974,0.29608505,861.0211838,858.9306609,2.090522874,0.450148576,0.003419423,0.472723907,0.437497991,0.035225916,331.9142198,0.125428336,332.2274996,331.4019853,0.825514239,332.431509,0.149073705,332.6948594,332.0729957,0.621863678,284.4542681,9.610401846,280.3194125,6.509100024,69.56040334,0.603453152
HZF17,2022.7.5,2022.7.6 10:16,17655,5,17660,0.000283126,100.0000962,0.548840554,101.604,98.0904,3.5136,100.1050564,0.432388234,101.233,98.2993,2.9337,859.1373163,4.822494325,873.202,846.665,26.537,859.9811159,0.590298058,861.733,858.258,3.475,859.9619156,0.335479734,860.882,859.119,1.763,859.9477353,0.385900813,861.281,858.786,2.495,0.450187213,0.00390512,0.476928,0.436016,0.040912,332.2065129,0.115844091,332.533,331.872,0.661,332.2036439,0.122785411,332.462,331.906,0.556,284.6655168,9.303549242,280.6422244,6.900372109,69.8992768,0.336356707
HZC01,2022.3.4,2022.3.5 1:36,89775,3,89778,3.34E-05,100.0005282,0.338401625,101.754,97.8472,3.9068,100.00074,0.245159842,101.325,98.5903,2.7347,859.433725,2.220521964,872.325,849.109,23.216,859.9992346,0.368330993,861.706,858.451,3.255,860.00183,0.247598477,860.913,859.173,1.74,860.0022255,0.30898297,861.688,858.226,3.462,0.450051057,0.002474332,0.465444,0.4353615,0.0300825,331.8941717,0.086661997,332.145,331.444,0.701,332.5162748,0.089122235,332.798,332.097,0.701,283.8714528,9.557559508,279.8897207,6.602773337,67.31679408,0.356409134
HZF04,2022.6.13,2022.6.14 2:14,90374,81,90455,0.000895473,99.99489368,0.427992182,101.875,97.9138,3.9612,99.99403966,0.403235352,101.241,97.8973,3.3437,858.6139264,3.698697378,874.815,844.52,30.295,859.998368,0.61181324,862.619,857.107,5.512,859.9986864,0.351723575,861.506,858.614,2.892,860.0012221,0.30432272,861.243,858.552,2.691,0.45019081,0.003962685,0.479039,0.428747,0.050292,332.1584525,0.136605038,332.536,331.626,0.91,332.2914561,0.184324672,332.812,331.728,1.084,284.7415477,9.274619436,280.3642155,6.86509575,69.10095386,0.60804275
HZD09,2022.4.16,2022.4.19 2:40,89389,89,89478,0.000994658,99.99224742,0.502418094,101.8289984,98.04212343,3.786874961,100.0069097,0.448882933,101.5093119,98.15153682,3.357775055,858.965381,4.757453268,874.8892715,843.8036598,31.0856117,860.0032571,0.736255361,862.5328227,857.1007147,5.43210806,860.0059007,0.410075218,861.435635,858.3670378,3.068597197,860.0037952,0.352592259,861.3048147,858.6512223,2.653592369,0.450320319,0.003825962,0.471697418,0.434904732,0.036792686,331.862074,0.107645248,332.21266,331.5048549,0.707805036,332.5715804,0.149074906,332.8398292,332.1156978,0.724131395,284.1336003,9.721530595,280.2740771,6.784641915,67.71362612,0.539369846
HZF02,2022.6.7,2022.6.8 10:49,52554,5,52559,9.51E-05,100.0198604,0.518216806,101.8134767,98.26321483,3.55026189,100.0546292,0.475293247,101.3497937,98.34056355,3.009230164,859.1675593,4.368130938,871.6604723,845.8404297,25.82004258,859.9966126,0.640472644,862.0279174,857.4268957,4.601021614,859.9941593,0.338917835,861.217761,858.9454965,2.272264427,859.9951342,0.313711331,861.1925525,858.9154676,2.277084876,0.450265984,0.00516736,0.474185472,0.429922718,0.044262753,332.1622646,0.175397242,332.5747456,331.7268144,0.847931163,332.1440874,0.214858406,332.568605,331.681405,0.887200042,284.1676698,9.517697797,279.7023014,6.916085999,67.57722271,0.887613477
HZC17,2022.4.1,2022.4.2 14:27,74778,9,74787,0.000120342,100.004941,0.344616369,101.1046785,98.59091103,2.513767512,100.0059333,0.283030959,100.8705122,98.35315833,2.517353912,858.6545386,3.37387705,868.6577234,848.2612345,20.39648883,859.998766,0.530046823,861.6178803,857.9263103,3.691570032,860.0031656,0.328175358,861.031255,858.8974279,2.133827136,860.0018768,0.269016215,861.067887,859.0998093,1.968077674,0.450150766,0.002551969,0.461665388,0.439443554,0.022221834,332.0531892,0.082625517,332.3190155,331.7796874,0.539328159,332.7756283,0.099636658,333.0594479,332.4776674,0.581780483,283.9920371,9.623504123,280.1514603,6.349358752,66.49143747,0.334204725
HZF13,2022.6.24,2022.6.25 5:31,47258,5,47263,0.000105791,100.0021235,0.33606931,101.863,98.7368,3.1262,100.0243609,0.285677926,101.313,98.3576,2.9554,859.0527433,4.195502886,875.646,841.41,34.236,860.0057004,0.620087889,862.046,856.71,5.336,860.0143857,0.354209081,861.745,859.209,2.536,860.0119412,0.279439981,861.332,858.957,2.375,0.450160531,0.003020766,0.463468,0.434824,0.028644,331.9992316,0.09669212,332.203,331.613,0.59,332.6362564,0.095510883,332.841,332.244,0.597,283.9632287,9.242081387,279.6070311,6.714129707,69.30674365,0.415857019
HZD14,2022.4.27,2022.4.28 7:36,90325,18,90343,0.000199241,100.0153641,0.338807276,102.2485015,99.02120701,3.227294537,100.0251934,0.27231506,101.4213663,98.79441835,2.626947927,859.3458414,3.370053557,874.5915791,844.6158022,29.97577694,859.9994467,0.502903329,862.3541246,857.3192561,5.034868557,860.0009682,0.267835712,861.1877638,858.8356441,2.352119655,860.0020822,0.206319557,860.9273353,858.8639636,2.063371728,0.450123023,0.002220726,0.462136251,0.439928471,0.022207779,331.8873521,0.117610224,332.1808494,331.3534703,0.827379044,332.6273545,0.144149177,332.9302937,332.1852161,0.745077549,283.6211584,9.46545111,279.0245272,6.459879501,65.6580418,1.074417637
HZB03,2022.2.17,2022.2.19 18:45,41745,22,41767,0.000526732,99.99475105,0.553267751,101.893564,97.69337651,4.200187526,99.99949091,0.412368992,101.3629224,98.49169268,2.871229677,859.0117804,3.12222783,868.4208222,847.6076956,20.81312661,859.9990668,0.530866191,861.7907291,857.8244467,3.966282424,860.0106285,0.346807083,860.9088965,858.8433922,2.065504226,860.0111062,0.366834527,861.4623829,858.9045395,2.557843369,0.450426236,0.003601808,0.467808555,0.436325033,0.031483522,331.9597754,0.095899893,332.2112602,331.6254837,0.58577645,332.1219709,0.093364768,332.3520803,331.8382262,0.513854095,282.4726361,9.462225576,279.2017895,5.922436924,65.09342541,0.403188343
HZB08,2022.2.26,2022.2.26 18:27,45426,14,45440,0.000308099,99.99785267,0.480367386,102.026,97.8979,4.1281,100.0067157,0.338407661,101.348,98.6351,2.7129,859.4107411,2.800001985,871.239,850.985,20.254,860.0047684,0.510001865,862.435,858.217,4.218,859.9900909,0.314414315,861.032,858.936,2.096,859.9918538,0.374300087,861.618,858.644,2.974,0.450092362,0.003313139,0.464599,0.427852,0.036747,331.9530763,0.108973076,332.255,331.593,0.662,332.2704361,0.094983801,332.487,331.957,0.53,283.5787536,9.503227708,279.6078061,6.570524184,66.55855485,0.353422689
HZC08,2022.3.17,2022.3.18 4:28,87704,33,87737,0.000376124,100.0108878,0.298473625,101.864,98.9845,2.8795,100.0198367,0.217432241,101.32,99.1979,2.1221,859.4076865,2.056918261,869.935,852.421,17.514,860.0045835,0.377815142,862.222,858.431,3.791,860.0075795,0.230202496,860.96,858.912,2.048,860.002107,0.306647015,861.997,858.676,3.321,0.450295226,0.003667114,0.4811,0.43121,0.04989,332.0412202,0.104445577,332.423,331.677,0.746,332.4264227,0.119960583,332.723,332.02,0.703,283.7535755,9.578881908,280.0830971,6.337338536,67.24119891,0.507637511
HZC02,2022.3.5,2022.3.9 2:28,89734,5,89739,5.57E-05,100.0294171,0.403293982,102.0244688,98.57764804,3.446820796,100.0548804,0.263990935,101.4716831,99.35805841,2.113624656,859.5177248,2.563673996,870.4532648,849.0614263,21.39183846,860.1310783,0.785033654,864.7770128,858.2665242,6.510488606,860.2123439,0.992505212,867.1681601,859.0783918,8.089768284,860.4831713,2.360156043,875.2440602,858.4611361,16.78292406,0.432757663,0.064646985,0.464161436,0.149409366,0.314752069,331.8852563,0.161751053,332.211605,331.3275408,0.884064186,332.4815839,0.222935687,332.8018532,331.782924,1.018929117,283.6912893,9.636511072,279.7655426,6.769306948,66.17729632,0.641047364
HZE12,2022.5.30,2022.5.31 13:04,90163,17,90180,0.000188512,99.99950738,0.478664791,101.8159496,98.30876466,3.507184955,100.0022297,0.416805199,101.2498136,98.30755172,2.942261898,859.3294475,4.172972961,873.4736922,844.422602,29.05109013,859.9861986,0.643294442,862.1330608,856.9263179,5.206742959,859.9904232,0.385802584,861.3913755,858.6716997,2.719675848,859.9867773,0.331726892,861.1519451,858.5715961,2.580348947,0.450197906,0.003857399,0.468171596,0.432315005,0.035856592,332.1056601,0.14713732,332.5535416,331.6074084,0.946133245,332.7050442,0.142856656,333.1053867,332.294665,0.810721712,284.5386838,9.572628816,280.2152755,6.906767754,68.01049795,0.52980325
HZB04,2022.2.19,2022.2.20 6:15,89618,38,89656,0.000423842,100.0126735,0.357215557,101.645,98.7529,2.8921,100.022466,0.234213089,101.31,99.2216,2.0884,859.5673194,2.154994456,871.551,852.168,19.383,859.9949573,0.327150588,861.775,858.878,2.897,859.9997969,0.19383243,860.613,859.16,1.453,859.9964451,0.285751265,861.62,858.892,2.728,0.450230057,0.003294223,0.479184,0.435235,0.043949,331.9624529,0.088020166,332.319,331.533,0.786,332.1957691,0.101523446,332.438,331.703,0.735,282.9193844,9.512083706,279.4618249,6.125705186,65.84265199,0.408842597
HZE11,2022.5.30,2022.5.30 17:32,54226,12,54238,0.000221247,99.997717,0.342402038,101.681,98.2545,3.4265,100.0378905,0.293662646,101.301,98.6277,2.6733,858.7519144,3.873009795,873.209,844.238,28.971,860.0150408,0.560966842,862.168,856.995,5.173,860.0079239,0.336959385,861.33,858.6,2.73,860.0096816,0.280272254,861.36,858.789,2.571,0.450146118,0.003044817,0.468745,0.43636,0.032385,332.0679752,0.115390055,332.372,331.592,0.78,332.7069986,0.119870064,333.005,332.269,0.736,285.0230899,9.498293992,280.8194316,6.909174331,68.53875617,1.107759478
HZE05,2022.5.13,2022.5.14 0:47,97885,53,97938,0.000541159,99.99693334,0.503647869,102.107,97.8235,4.2835,100.0020288,0.430174248,101.422,98.1673,3.2547,858.7515835,5.314544006,875.576,841.727,33.849,860.0129489,0.747098694,862.494,856.83,5.664,860.0047515,0.418610232,861.533,858.436,3.097,860.0068452,0.378413568,861.854,858.567,3.287,0.449961148,0.00490785,0.477278,0.403867,0.073411,332.005004,0.163798404,332.614,331.445,1.169,332.6934615,0.205538291,333.155,332.081,1.074,284.7001802,9.601554043,280.224216,6.281546187,68.76043838,0.707041207
HZD03,2022.4.5,2022.4.7 11:19,89597,54,89651,0.000602336,100.0120165,0.495478393,102.2283905,98.14218537,4.086205106,99.99375783,0.45297317,101.3679272,97.94145018,3.426477033,859.2866944,4.430759918,875.0867278,844.7203212,30.36640665,859.999014,0.681074753,862.3215959,857.1409295,5.180666362,859.9986287,0.398711142,861.6923429,858.7810469,2.911295981,859.9984338,0.30135956,861.4896978,858.9879984,2.501699401,0.450138305,0.003708952,0.474546027,0.425880917,0.048665111,332.1366354,0.12264562,332.4983096,331.6350712,0.863238447,332.4348686,0.159281095,332.6892837,331.9032465,0.7860372,283.6358955,9.590832292,280.1499615,6.830789179,66.65477503,0.423639729
HZG16,2022.7.13,2022.7.15 5:58,89314,20,89334,0.000223879,100.0093349,0.323774468,101.4286333,98.62246526,2.806167992,100.1315792,0.271272169,101.4250878,98.99676751,2.428320281,859.5889372,1.878784739,868.3599228,852.1249546,16.23496824,859.9974932,0.343716236,861.6343468,858.6523176,2.98202925,859.9986048,0.218000396,860.8143717,858.9718755,1.842496239,859.9964293,0.276991298,861.0715174,858.7367927,2.334724786,0.450123426,0.003244949,0.470063854,0.430590294,0.039473559,332.0009687,0.204143803,332.5105019,331.5213693,0.989132615,331.9328235,0.254721112,332.4278126,331.3710779,1.056734726,284.433156,9.259603947,279.8048861,6.681857789,68.5774506,1.020508912
HZG17,2022.7.18,2022.7.19 19:08,89017,9,89026,0.000101094,100.0189231,0.406023605,101.8568206,98.30904704,3.54777357,100.1653537,0.381625301,101.5905539,98.78322426,2.807329668,859.6032956,2.586666122,870.1441948,851.1706356,18.97355925,859.9985794,0.482893764,861.7846194,857.827907,3.956712421,860.0053444,0.33311925,861.4331743,859.0466871,2.386487184,860.0002431,0.340908046,861.2541503,858.7483357,2.505814616,0.449817302,0.004437989,0.470314971,0.409925181,0.06038979,332.1599535,0.143314722,332.5313515,331.6522936,0.879057893,332.2407394,0.210811823,332.5923983,331.6539703,0.938428032,284.5467359,9.275648083,280.5394103,6.556642737,69.53357848,1.078841337
HZA05,2022.1.6,2022.1.8 8:20,89585,3,89588,3.35E-05,100.0176195,0.3710817,101.9807005,98.74025553,3.240444944,100.0308033,0.27961139,101.5523167,98.8993111,2.653005621,859.6857688,2.21209123,870.6472368,853.3787297,17.26850708,860.0170741,0.37298454,861.1977,858.9816485,2.216051569,860.0144109,0.262562625,860.9541564,859.2152841,1.738872371,859.9954682,0.38954405,861.7758247,858.2873597,3.488464973,0.413286522,0.052559992,0.46913519,0.276880219,0.192254971,328.9280937,0.164033657,329.2726661,328.4174461,0.855220029,329.0794116,0.182627012,329.3629587,328.5652432,0.79771552,282.5413153,9.396693859,278.9032972,6.494610055,69.45985149,0.873812832
HZA02,2022.1.5,2022.1.7 0:16,89709,15,89724,0.000167179,100.0014714,0.385505694,101.8610776,98.21515753,3.645920104,100.0153694,0.288360009,101.3971706,98.23317737,3.163993207,859.8487344,1.899411663,870.2708025,851.6745973,18.59620524,859.989011,0.254775805,860.8531922,859.2145081,1.63868412,860.0015016,0.210371961,860.8179233,859.291176,1.526747314,860.0041023,0.342587472,861.8111065,858.5286191,3.282487406,0.449791695,0.003791075,0.471972595,0.392827559,0.079145037,329.0699473,0.096377369,329.3601309,328.7043646,0.655766228,329.0799401,0.096878008,329.2758493,328.66925,0.60659926,283.0000392,9.530625648,278.9578788,6.342140016,69.50098203,1.052127414
HZB02,2022.2.16,2022.2.16 17:12,44241,23,44264,0.00051961,100.0063495,0.440112434,101.721,97.8418,3.8792,99.99543355,0.321795702,101.399,98.5573,2.8417,859.2826354,2.892511152,872.573,847.969,24.604,860.0013307,0.502962463,861.828,857.319,4.509,859.9942033,0.329339999,861.074,858.664,2.41,859.9957238,0.341326144,861.668,858.611,3.057,0.450141332,0.00266453,0.465428,0.441181,0.024247,331.9917523,0.104705857,332.276,331.645,0.631,332.1917149,0.081076539,332.352,331.879,0.473,282.9428179,9.411987021,279.2401499,6.197131524,65.28770782,0.32559771
HZD05,2022.4.8,2022.4.9 18:57,89595,34,89629,0.000379342,100.0175765,0.29894723,101.5798236,99.29057862,2.289244985,100.0428917,0.232804908,101.3638273,99.62039597,1.743431292,858.9389011,3.05528031,871.4590228,851.065883,20.3931398,859.9930252,0.423107788,861.7243724,858.5575748,3.166797588,859.9962984,0.267853855,860.9434297,859.1021258,1.841303819,859.9989166,0.265248875,861.022443,859.1271668,1.895276216,0.44953797,0.00652021,0.480146677,0.413047511,0.067099165,332.110665,0.115400773,332.4688019,331.6208503,0.847951623,332.5653644,0.20032,332.8454371,331.9084817,0.936955383,284.4671807,9.58740049,280.3398996,6.80937957,68.13656905,0.515532778
HZF05,2022.6.14,2022.6.15 21:50,90227,172,90399,0.001902676,100.0028305,0.547243595,102.1156414,97.84012684,4.275514604,99.99640814,0.472019908,101.4393402,98.04321362,3.396126616,859.0662035,4.562904548,875.4392477,845.1047907,30.33445703,859.9953562,0.698290409,862.5289586,857.0501164,5.478842155,859.9953906,0.395199769,861.3657291,858.8384191,2.52730997,859.9981406,0.365122447,861.204953,858.678741,2.526212005,0.450170528,0.004344438,0.479676978,0.426841521,0.052835457,332.1272333,0.145300255,332.5770366,331.6180255,0.959011151,332.3163798,0.191316209,332.7240167,331.7820119,0.942004779,284.4474612,9.275689621,280.0480613,6.814820797,68.81400073,0.490591193
HZA10,2022.1.17,2022.1.17 17:39,44825,1,44826,2.23E-05,100.0066186,0.387848553,101.45,98.3456,3.1044,99.99267894,0.281410556,101.195,98.6647,2.5303,859.5484023,2.472153965,871.419,851.964,19.455,860.0043373,0.32884319,861.159,859.103,2.056,859.9903709,0.225814807,860.995,859.254,1.741,860.0013613,0.40210204,862.125,858.31,3.815,0.450012061,0.002590336,0.463185,0.434564,0.028621,332.1829268,0.099304907,332.493,331.893,0.6,332.4072925,0.107414006,332.64,332.117,0.523,283.1217837,9.427313683,279.1116147,6.065028968,66.22141185,0.75462408
HZE09,2022.5.23,2022.5.24 10:11,74943,2,74945,2.67E-05,100.0128564,0.366475903,101.743,98.9861,2.7569,100.008676,0.213590956,101.019,99.1375,1.8815,859.0085276,3.187329958,872.534,848.034,24.5,859.9936495,0.51848627,862.051,858.335,3.716,860.0016074,0.308974484,861.111,858.824,2.287,859.9952503,0.309261237,861.173,858.815,2.358,0.45035448,0.004434717,0.480307,0.430187,0.05012,332.0536822,0.149440983,332.419,331.504,0.915,332.5798944,0.164335197,332.904,332.056,0.848,284.5882576,9.578886559,280.7009169,6.858081355,69.37558356,0.726033444
HZA08,2022.1.14,2022.1.14 14:47,9020,3,9023,0.000332484,99.9974279,0.758295929,101.993,97.9102,4.0828,100.0468863,0.598632687,101.576,98.4797,3.0963,858.7922663,2.862064906,863.392,849.813,13.579,859.898922,0.4429753,860.801,858.357,2.444,859.9216343,0.262060599,860.56,859.328,1.232,860.007808,0.410984263,861.822,858.719,3.103,0.449806766,0.004557815,0.47004,0.418873,0.051167,329.0372506,0.093990526,329.269,328.726,0.543,329.4926988,0.068403772,329.648,329.307,0.341,280.8981319,8.7718663,279.9373319,6.295962006,64.65472992,0.298335453
HZE15,2022.6.3,2022.6.4 1:42,30081,6,30087,0.000199422,99.97350283,0.532316829,101.832,97.7037,4.1283,99.96181018,0.478827418,101.317,98.0935,3.2235,858.5573008,6.572030441,876.18,841.374,34.806,860.0032444,0.856558611,862.251,856.857,5.394,860.0292974,0.464787867,861.574,858.521,3.053,860.0144058,0.376960082,861.523,858.787,2.736,0.450218725,0.003377808,0.469517,0.43364,0.035877,331.9738001,0.169080844,332.292,331.466,0.826,332.5205646,0.135667205,332.824,332.129,0.695,284.3800914,9.229576905,280.1878784,6.866902664,69.47159573,0.291268
HZC12,2022.3.23,2022.3.24 14:17,57053,16,57069,0.000280362,99.87199834,0.446469033,101.7424652,98.21900645,3.523458748,99.7791584,0.373434223,100.9728203,98.39860653,2.574213783,858.7158887,3.662416493,871.8603818,846.781814,25.07856779,859.9929967,0.581895193,861.8940478,857.8310385,4.063009217,860.0367598,0.348670041,861.3645715,858.9441966,2.420374985,860.0434101,0.268967201,861.0488603,859.0658886,1.982971701,0.450070804,0.003075893,0.469880214,0.435107252,0.034772962,331.9039643,0.125316663,332.3000019,331.3848094,0.915192469,332.5415355,0.159477444,332.8800503,332.0637125,0.816337767,283.6625716,7.834433049,281.2699171,5.245298292,64.70039611,0.578803818
HZE01,2022.5.3,2022.5.5 11:11,60469,9,60478,0.000148814,100.0106995,0.460811212,101.7037796,98.42371943,3.280060192,100.010392,0.327586746,101.001404,98.53055063,2.470853355,858.6934876,3.773247555,870.2462242,848.5292177,21.71700653,859.9793551,0.621878297,861.9816878,857.5446209,4.43706695,859.9916863,0.399972936,861.3586995,858.8656215,2.493078045,859.9901486,0.363050626,861.2408127,858.7644463,2.476366398,0.450323371,0.004873777,0.476221341,0.42975546,0.046465881,331.9909685,0.099762356,332.2253654,331.6194527,0.605912712,332.7526256,0.095543569,332.9834044,332.4368102,0.546594166,284.2687604,9.668377077,280.0200771,6.301609178,67.60765812,0.484862025