LOT_NO,record_count,start_time,end_time,duration_minutes,avg_interval_seconds,건조_1존_OP_mean,건조_1존_OP_std,건조_1존_OP_min,건조_1존_OP_max,건조_1존_OP_range,건조_1존_OP_cv,건조_1존_OP_trend,건조_2존_OP_mean,건조_2존_OP_std,건조_2존_OP_min,건조_2존_OP_max,건조_2존_OP_range,건조_2존_OP_cv,건조_2존_OP_trend,건조로_온도_1_Zone_mean,건조로_온도_1_Zone_std,건조로_온도_1_Zone_min,건조로_온도_1_Zone_max,건조로_온도_1_Zone_range,건조로_온도_1_Zone_cv,건조로_온도_1_Zone_trend,건조로_온도_2_Zone_mean,건조로_온도_2_Zone_std,건조로_온도_2_Zone_min,건조로_온도_2_Zone_max,건조로_온도_2_Zone_range,건조로_온도_2_Zone_cv,건조로_온도_2_Zone_trend,세정기_mean,세정기_std,세정기_min,세정기_max,세정기_range,세정기_cv,세정기_trend,소입1존_OP_mean,소입1존_OP_std,소입1존_OP_min,소입1존_OP_max,소입1존_OP_range,소입1존_OP_cv,소입1존_OP_trend,소입2존_OP_mean,소입2존_OP_std,소입2존_OP_min,소입2존_OP_max,소입2존_OP_range,소입2존_OP_cv,소입2존_OP_trend,소입3존_OP_mean,소입3존_OP_std,소입3존_OP_min,소입3존_OP_max,소입3존_OP_range,소입3존_OP_cv,소입3존_OP_trend,소입4존_OP_mean,소입4존_OP_std,소입4존_OP_min,소입4존_OP_max,소입4존_OP_range,소입4존_OP_cv,소입4존_OP_trend,소입로_CP_값_mean,소입로_CP_값_std,소입로_CP_값_min,소입로_CP_값_max,소입로_CP_값_range,소입로_CP_값_cv,소입로_CP_값_trend,소입로_온도_1_Zone_mean,소입로_온도_1_Zone_std,소입로_온도_1_Zone_min,소입로_온도_1_Zone_max,소입로_온도_1_Zone_range,소입로_온도_1_Zone_cv,소입로_온도_1_Zone_trend,소입로_온도_2_Zone_mean,소입로_온도_2_Zone_std,소입로_온도_2_Zone_min,소입로_온도_2_Zone_max,소입로_온도_2_Zone_range,소입로_온도_2_Zone_cv,소입로_온도_2_Zone_trend,소입로_온도_3_Zone_mean,소입로_온도_3_Zone_std,소입로_온도_3_Zone_min,소입로_온도_3_Zone_max,소입로_온도_3_Zone_range,소입로_온도_3_Zone_cv,소입로_온도_3_Zone_trend,소입로_온도_4_Zone_mean,소입로_온도_4_Zone_std,소입로_온도_4_Zone_min,소입로_온도_4_Zone_max,소입로_온도_4_Zone_range,소입로_온도_4_Zone_cv,소입로_온도_4_Zone_trend,솔트_컨베이어_온도_1_Zone_mean,솔트_컨베이어_온도_1_Zone_std,솔트_컨베이어_온도_1_Zone_min,솔트_컨베이어_온도_1_Zone_max,솔트_컨베이어_온도_1_Zone_range,솔트_컨베이어_온도_1_Zone_cv,솔트_컨베이어_온도_1_Zone_trend,솔트_컨베이어_온도_2_Zone_mean,솔트_컨베이어_온도_2_Zone_std,솔트_컨베이어_온도_2_Zone_min,솔트_컨베이어_온도_2_Zone_max,솔트_컨베이어_온도_2_Zone_range,솔트_컨베이어_온도_2_Zone_cv,솔트_컨베이어_온도_2_Zone_trend,솔트조_온도_1_Zone_mean,솔트조_온도_1_Zone_std,솔트조_온도_1_Zone_min,솔트조_온도_1_Zone_max,솔트조_온도_1_Zone_range,솔트조_온도_1_Zone_cv,솔트조_온도_1_Zone_trend,솔트조_온도_2_Zone_mean,솔트조_온도_2_Zone_std,솔트조_온도_2_Zone_min,솔트조_온도_2_Zone_max,솔트조_온도_2_Zone_range,솔트조_온도_2_Zone_cv,솔트조_온도_2_Zone_trend,건조_OP_mean_diff,소입_OP_front_back_diff,소입_OP_inner_diff,건조_온도_mean_diff,소입로_온도_1_4_mean_diff,소입로_온도_gradient_mean,솔트컨베이어_온도_mean_diff,솔트조_온도_mean_diff,작업일,작업일_최신,양품수량,불량수량,총수량,불량률
HYM30,7342,2022-01-03T11:22:00,2022-01-03T13:27:00,125.0,1.021659174499387,72.25272719286288,3.6962855282296534,55.8907,83.4128,27.522100000000002,0.05115773025927764,-0.0003827890216921503,21.354464056115514,4.348631826959113,7.84754,35.2677,27.420159999999996,0.20364041052642326,-0.0011135528189542125,99.94345982288809,0.5939309541221482,97.8385,101.755,3.916499999999999,0.005942669537102936,2.5690166488874586e-06,100.0618955109002,0.4834848349826166,98.4388,101.247,2.8081999999999994,0.004831857646849678,-1.9430497179818574e-05,69.60255960909966,0.8453480256019341,68.2865,71.3073,3.020799999999994,0.012145358307935209,-9.699825017425651e-05,75.71217542943405,22.978130144988164,0.0397239,100.0,99.9602761,0.30349319663129276,0.0013215281988326342,59.332558539907325,1.783759133064529,52.8176,65.0583,12.240700000000004,0.030063748757181357,2.0190363358951735e-06,50.68092951511853,1.4399000882870747,45.4223,56.5739,11.151600000000002,0.028411082868113953,0.00013539551600849116,70.24943969626791,2.504034964537724,61.4719,80.3567,18.884800000000006,0.035644910128311724,-0.00014894498123756814,0.450505000885317,0.0058962792609461205,0.430979,0.505652,0.07467299999999999,0.013088154958011465,4.656482569749954e-07,859.4869017163896,3.5738013477504866,847.607,870.536,22.928999999999974,0.004158063771086714,-3.070266368681268e-05,860.0123646826441,0.4006285887781931,858.883,861.258,2.375,0.0004658404986142615,1.9661999103305065e-06,860.009751941156,0.28162251908967906,859.352,860.889,1.5370000000000346,0.00032746433218230344,-2.152429002344463e-05,860.010592085536,0.5534249799157053,858.474,862.014,3.5399999999999636,0.0006435094928001328,8.941180389379533e-06,282.58130302411263,9.371106437325473,268.773,295.967,27.19399999999996,0.033162514069537845,-0.0008684170384777215,280.14901246424,6.03386061516672,270.227,288.406,18.17900000000003,0.02153803992415258,9.959207407874225e-05,329.0159401988792,0.12273824862149764,328.659,329.293,0.6340000000000146,0.00037304651120339773,3.314624453093962e-05,329.0704664895795,0.11651820314060816,328.805,329.3,0.49500000000000455,0.0003540828333322884,3.6922812236138926e-05,50.89826313674736,5.4627357331661415,8.651629024788797,-0.1184356880121129,-0.5236903691463795,-0.5254629662545085,2.4322905598726265,-0.0545262907002666,2022-01-03,2022-01-03,15160.0,3.0,15163.0,0.00019785002967750444
HZA01,40281,2022-01-03T22:35:00,2022-01-05T06:20:00,1905.0,2.8376365441906652,71.2205369615949,3.352891491039851,53.91,82.5948,28.68480000000001,0.047077593543669444,-1.7107988889632582e-05,20.149477968148837,2.888794126191877,5.02241,30.0809,25.05849,0.14336818704476217,2.3316984794212366e-05,99.99289736214702,0.4872484897354192,97.7743,101.999,4.224699999999999,0.004872830996893089,1.1725735950253397e-07,100.03597019343093,0.34803414918906966,98.5116,101.501,2.9894000000000034,0.003479090056467749,-6.278974774183928e-07,69.54986162210348,1.0872648562048841,67.3211,71.4901,4.168999999999997,0.015632883097776617,-1.059008256906709e-06,72.0702988447658,23.716552753782803,0.0111477,100.0,99.9888523,0.3290752658715422,-4.941174128717591e-05,50.24667323303874,6.588750877589706,36.0278,66.0408,30.013000000000005,0.1311281016960422,-0.0001383292771169132,49.50164949852288,2.281049827930713,41.2264,58.4286,17.202200000000005,0.04608027916319797,-3.8965978701303117e-05,68.28871745487938,2.7243538895316077,58.482,81.8909,23.408900000000003,0.03989464132682941,-3.661419911302794e-05,0.4496234205084264,0.005085827147152286,0.404613,0.473188,0.068575,0.011311303893825906,-1.1201761476489348e-08,859.5403350256698,2.8953062272983363,850.017,871.084,21.066999999999894,0.0033684355571421427,2.8125803808722605e-06,859.9947368296744,0.39094287812965045,858.688,861.795,3.106999999999971,0.0004545875240711832,-2.9109347847440374e-07,859.9939243421059,0.24166332252857342,859.099,861.064,1.9649999999999181,0.0002810058486325302,3.156764823598763e-08,860.002296157014,0.43994327879770745,858.161,861.865,3.7040000000000646,0.0005115605862491619,1.8545699595178276e-07,283.15165695134476,9.624364068827113,268.714,297.002,28.28800000000001,0.03399013861494341,4.110198415140852e-06,279.4619384821625,6.836326566833179,268.493,290.651,22.158000000000015,0.024462460269055665,-5.471433016885751e-06,329.08897327458567,0.13065263917809636,328.703,329.443,0.7400000000000091,0.0003970131173890237,1.3329188137534347e-06,329.07453242302785,0.15071451629833293,328.689,329.383,0.69399999999996,0.0004579950784662614,2.3234541606065243e-06,51.071058993446066,3.7815813898864263,0.7450237345158612,-0.04307283128390793,-0.4619611313441965,-0.454401804004533,3.689718469182253,0.014440851557822043,2022-01-03,2022-01-04,89508.0,40.0,89548.0,0.0004466878098896681
HZA02,37947,2022-01-05T14:32:00,2022-01-07T00:16:00,2024.0,3.200337321456807,72.4816483965942,2.9423471543221678,52.9816,84.5765,31.594899999999996,0.04059437415416761,-2.2304795858893969e-07,22.187094116472363,2.645328751503091,7.21693,30.5996,23.382669999999997,0.11922826565823777,-7.843354080552504e-06,100.00152368578577,0.402812996980416,97.7285,102.076,4.347499999999997,0.004028068594695541,-2.422058178365625e-07,100.01525181534662,0.2991239325137916,98.181,101.408,3.227000000000004,0.002990783176410432,3.272847566774001e-07,69.50157926999569,1.0557225232309138,67.1142,71.3535,4.2393,0.01518990696786478,-2.8253998643650234e-06,76.90731250934894,17.077867842160725,0.00107683,100.0,99.99892317,0.22205778988941682,-3.0025293885526088e-05,45.890325269308065,1.6010766310068594,39.7968,52.6739,12.877100000000006,0.034889197703675386,-8.51832089335956e-06,50.51963750830854,1.3484122950970223,42.9381,58.1191,15.181000000000004,0.02669085451920078,-3.397068627356152e-06,69.49614273855614,1.9689340757986016,61.0586,81.6436,20.585000000000008,0.028331559108333734,3.3112891420296455e-06,0.4497909134992505,0.0038126802029085447,0.38364,0.4736305,0.08999050000000003,0.008476561194282325,5.651588724603014e-10,859.8487962314967,2.051958885994717,849.637,872.031,22.394000000000005,0.002386418280734871,-2.593112522263959e-07,859.9891162704681,0.2556600959417676,859.21,860.924,1.7139999999999418,0.00029728294359176755,-3.9086500622484547e-07,860.0014158764285,0.2156720091514409,859.286,861.067,1.7810000000000628,0.00025078099311226054,2.6892638600126344e-07,860.0040905788633,0.35649574572932397,858.397,862.106,3.7089999999999463,0.0004145279651976643,4.921857837084316e-08,282.99692971512695,9.533493835377012,266.23,296.633,30.402999999999963,0.03368762284797121,7.54019777792621e-06,278.96308852945015,6.391205850210943,268.751,290.161,21.410000000000025,0.022910578900965324,-1.663177474748268e-05,329.0701738483018,0.10000434770052598,328.687,329.38,0.6929999999999836,0.0003038997625674426,-7.112227798562145e-07,329.0798122853216,0.09844571502807936,328.623,329.32,0.6970000000000027,0.000299154525294077,1.5025964655957028e-07,50.29455428012183,7.411169770792796,-4.629312239000477,-0.013728129560846014,-0.15529434736652092,-0.14032003897136747,4.033841185676806,-0.009638437019816593,2022-01-05,2022-01-06,89709.0,15.0,89724.0,0.00016717935000668717
HZA05,38267,2022-01-07T04:07:00,2022-01-08T08:20:00,1693.0,2.6545758636910053,73.02240064023817,3.007521742473368,54.2464,84.5911,30.344699999999996,0.041186289633103446,3.2440439770006585e-06,22.695069280842507,2.7083806290759154,7.82578,31.7228,23.897019999999998,0.11933784363293966,-2.7337551674056785e-06,100.01738000156494,0.3716949825370159,98.4748,102.02,3.545199999999994,0.003716303931688673,6.60176634773254e-07,100.03051348977964,0.28038547235281586,98.6209,101.562,2.9410999999999916,0.002802999430583384,6.636971239203012e-07,69.45619477617645,0.9969025768515536,66.8199,71.339,4.519099999999995,0.014352968515826212,7.609573244081837e-06,71.0613637346728,21.999905264811378,0.0437229,100.0,99.9562771,0.3095902486047706,-0.00014006520061939933,45.24949878441799,2.59534335495427,35.5188,52.1113,16.5925,0.05735628956509009,-1.0291005413285594e-05,49.09669379491477,2.439211563918762,36.7125,55.6702,18.957700000000003,0.04968178863749488,-3.2967995237614595e-05,68.99709806709035,2.2054027010368045,56.2824,82.736,26.4536,0.031963702283425724,5.7607610176080234e-06,0.41391142124546004,0.09699706414865629,0.0969111,0.470967,0.3740559,0.23434256502705816,-1.3915423202094837e-06,859.680759662391,2.2530855740118967,852.565,871.31,18.74499999999989,0.0026208398276782604,1.122114562678564e-05,860.0167392787228,0.37401546673336705,858.798,861.624,2.826000000000022,0.00043489324062116004,7.11966147223066e-07,860.0140927610117,0.26609292368059156,859.158,861.136,1.9779999999999518,0.0003094053061692511,6.783767657078989e-07,859.9953996890417,0.3896250153077231,858.272,861.878,3.6059999999999945,0.00045305476686108347,9.982798597319175e-08,282.54002416045796,9.397056151762696,268.197,295.638,27.440999999999974,0.033259203469261374,2.5441442134378043e-06,278.903826943678,6.501976400609053,267.842,289.91,22.06800000000004,0.02331261091631441,-4.354347928474416e-06,328.9289307312428,0.19806500232794208,328.161,329.273,1.1120000000000232,0.0006021513580080147,-2.0801955890019393e-06,329.0805766456752,0.24523325701402635,328.073,329.387,1.3140000000000214,0.0007452073273776708,-2.6976049388412347e-06,50.32733135939567,2.064265667582447,-3.847195010496783,-0.013133488214691624,-0.31464002665074986,-0.33597961633176965,3.6361972167799763,-0.15164591443237896,2022-01-06,2022-01-07,89585.0,3.0,89588.0,3.348662767334911e-05
HZA06,46836,2022-01-10T11:17:00,2022-01-11T00:50:00,813.0,1.041528771218106,72.60030929997527,2.7523755733254087,54.1459,83.3156,29.169700000000006,0.03791134775959345,-1.68804119710705e-05,21.032861511405375,2.5397641544218064,5.2626,28.788,23.5254,0.12075219308816265,-3.847914984464492e-05,99.99792436103114,0.3837085975579254,97.8595,101.969,4.109499999999997,0.003837165621284189,3.165423431912834e-07,100.01539191647433,0.26471982954403805,98.7373,101.408,2.6706999999999965,0.002646790903595249,-1.0672491036720434e-06,66.08204015820816,1.4435752802762116,60.6244,67.7261,7.101700000000001,0.021845198435461784,8.449025262695276e-05,75.90349271319496,21.7998097696734,0.00275186,100.0,99.99724814,0.28720430365497196,-5.3353366516012976e-05,46.97312127229219,2.063957731754487,35.9668,54.7623,18.795500000000004,0.04393912254180869,-4.477261677054469e-07,50.04272749066391,1.6407490223907553,42.2333,58.6403,16.407000000000004,0.032786962355256466,-1.3042705982955704e-05,70.70960628077535,1.7803905522683872,61.8363,82.4366,20.600299999999997,0.02517890631718088,1.088382001719034e-06,0.4532104710387966,0.02967415480985778,0.418617,0.909111,0.490494,0.06547543957191042,5.967313931188654e-08,859.2456395650074,2.491807644773576,850.381,871.001,20.620000000000005,0.002899994518488394,-9.9851355710388e-06,860.0023798040146,0.3835301244614184,858.075,861.385,3.3099999999999454,0.00044596402692376365,9.265476834872755e-07,860.0039104266782,0.2694187951197718,858.608,860.852,2.244000000000028,0.00031327624427440526,-3.4292327016217495e-07,860.0027858849721,0.31405347993812566,858.347,861.77,3.423000000000002,0.00036517728208863175,-5.7275263683193114e-08,283.03358167150355,9.325971621004413,268.663,296.396,27.733000000000004,0.03295005336797239,-8.707165756171023e-06,279.2988240364515,6.378200066255828,268.617,289.893,21.275999999999954,0.022836473043736857,-5.3675564211048325e-06,329.1465975353755,0.13108428533446065,328.704,329.659,0.9549999999999841,0.0003982550216712241,1.5649147985445381e-06,329.4706270951242,0.12220885771185493,329.083,329.844,0.7609999999999673,0.0003709248948513125,9.4218214433652e-07,51.56744778856989,5.1938864324196174,-3.0696062183717174,-0.017467555443190008,-0.7571463199647042,-0.756740239007172,3.7347576350520626,-0.32402955974868064,2022-01-10,2022-01-10,104740.0,21.0,104761.0,0.00020045627666784394
HZA07,35348,2022-01-12T13:09:00,2022-01-12T23:21:00,612.0,1.0388434662064674,73.6123809522466,2.399012720423026,56.5424,83.3167,26.774299999999997,0.03258979928905302,-2.5691657842279187e-05,21.973322247651964,1.9330869711003964,8.74096,28.5884,19.84744,0.08797426940329714,3.5783362639776226e-06,100.00030130276218,0.32589008933962693,98.3049,102.034,3.7291000000000025,0.0032588910742674462,2.33702344637513e-07,99.99831805951987,0.21660033789502625,98.7725,101.333,2.5605000000000047,0.00216603981045065,8.889216434736514e-07,65.76444113669919,0.3586465181189834,64.3598,66.5871,2.2272999999999996,0.005453502104176542,-2.2519408219393843e-06,76.14557810089303,19.4610131716817,0.0226245,100.0,99.9773755,0.25557640584061,-0.00016252623706735088,44.96796234581903,1.9087529782019474,36.1126,53.0745,16.9619,0.042446952866642775,-8.227024529626817e-05,49.99604772547214,1.2976200883556577,43.3147,56.1587,12.844000000000001,0.02595445334961032,7.810023021152547e-06,70.76672436771509,1.6999089375012433,63.9052,81.7363,17.8311,0.02402130312925391,-2.4742689610119336e-05,0.4505985105380778,0.007301389891474441,0.4337975,0.60676,0.17296249999999996,0.01620375949036218,-7.261150245886206e-08,859.550570175688,2.044861776723301,851.431,870.49,19.05899999999997,0.0023789894948302356,1.3799338482010342e-05,860.0032914049838,0.3120908317873163,858.927,861.185,2.2579999999999245,0.0003628949271548191,9.655268617016802e-07,859.9945567783336,0.19007564179891184,859.19,860.689,1.49899999999991,0.0002210195870436241,-6.087759873814422e-07,859.994297928927,0.31035581557922864,858.145,861.688,3.5430000000000064,0.00036088124808110944,1.6562969794310337e-07,282.4268881517536,9.246958807522764,268.469,295.81,27.341000000000008,0.03274107103624705,3.177455531120472e-05,279.09105200023134,6.29133890133104,268.71,289.475,20.765000000000043,0.022542245106897316,1.3965202212942831e-05,329.16269993492915,0.11652631693733739,328.775,329.6,0.8250000000000455,0.00035400826691594464,-1.0861362415337582e-06,329.6113741618674,0.07923387221039976,329.39,329.919,0.5289999999999964,0.0002403857342965633,1.3084616683437462e-06,51.63905870459463,5.378853733177948,-5.028085379653106,0.0019832432423072532,-0.44372775323904534,-0.45272122929577563,3.335836151522244,-0.44867422693823755,2022-01-12,2022-01-12,89759.0,8.0,89767.0,8.91196096561097e-05
HZA08,4334,2022-01-14T13:32:00,2022-01-14T14:47:00,75.0,1.0385414262635588,73.2031819566221,4.611577725863813,55.3443,84.3275,28.983200000000004,0.06299695727156353,-0.0004144268883188577,23.65939742501157,4.5355221518932645,8.41146,30.8188,22.407339999999998,0.1917006621266918,-0.00191291736543525,99.99882243249385,0.7583884054726212,97.9102,101.993,4.082799999999992,0.0075839733611321875,-8.297136662970227e-05,100.04618185912328,0.5987353600469978,98.4797,101.576,3.0962999999999994,0.005984589805636833,-1.2041049630634646e-05,64.65512939072278,0.2982281825205466,64.2251,65.489,1.2639000000000067,0.004612598958982808,-0.00016456929129158966,73.41038915238327,21.92250390419547,10.9589,100.0,89.0411,0.2986294468306024,-0.0020718452230720622,43.31183999769265,2.3969414180993693,35.0748,55.5028,20.427999999999997,0.05534148210344011,0.0010659238027133937,52.22777846100593,1.467155495445318,46.5134,57.8819,11.368500000000004,0.028091478111417646,8.616937747662859e-06,70.21659548915548,1.8331387647706539,62.8011,78.0035,15.202400000000004,0.02610691606450459,0.0004281084144211132,0.4498073316797416,0.004553118166924808,0.418873,0.47004,0.05116700000000002,0.010122374283944718,-1.1905501427790349e-07,858.789388094141,2.8598780110798714,849.813,863.392,13.579000000000065,0.0033301273289212674,-0.0002115166751493089,859.8995137413524,0.44314970875456444,858.357,860.801,2.4440000000000737,0.0005153505748903803,-0.00013850018286791185,859.9213361790481,0.2618805277222933,859.328,860.56,1.231999999999971,0.0003045400976860585,6.843332501286586e-06,860.0106260096975,0.4165394638989689,858.719,861.822,3.102999999999952,0.0004843422293880727,-7.553502244280791e-05,280.9212241578223,8.779192021641206,268.737,295.304,26.56699999999995,0.03125143729513664,-0.001156196480737048,279.9445836602827,6.292730127685062,269.58,288.238,18.658000000000015,0.022478485010881268,-0.0010184762087446992,329.0372505779074,0.0939796459026341,328.726,329.269,0.5430000000000064,0.00028562008021150236,4.0220881307591275e-05,329.4926875288659,0.06837156040288021,329.307,329.648,0.3410000000000082,0.00020750554713567168,2.2921258620431033e-05,49.543784531610534,3.193793663227794,-8.915938463313282,-0.04735942662942705,-1.2212379155564577,-1.1101256472113619,0.9766404975395631,-0.4554369509584717,2022-01-14,2022-01-14,9020.0,3.0,9023.0,0.0003324836528870664
HZA09,37633,2022-01-15T13:56:00,2022-01-16T00:37:00,641.0,1.0220025510204083,73.31347734080869,2.437987957107008,57.6949,83.584,25.889100000000006,0.03325429437446618,-1.2564690683170815e-05,22.522322186157584,2.1909202308229676,9.4798,30.0414,20.5616,0.09727772352752889,-2.069485465988051e-05,99.99925810746193,0.31783252732542194,98.2288,101.661,3.4321999999999946,0.003178348853187195,8.025149067129591e-07,100.01954457642563,0.2119053915506375,98.4265,101.317,2.8904999999999887,0.0021186398363243807,-3.0253964467614515e-07,66.5608763711754,0.5825261411647894,64.7783,67.5939,2.8156000000000034,0.008751779918226196,3.113967202165892e-05,77.84816257706399,16.38974478527668,0.0577849,100.0,99.9422151,0.21053476720214212,-8.647254677422127e-05,46.51037638198729,1.8561383184184992,36.5785,53.5637,16.9852,0.03990804768325528,-1.2353217875022887e-05,51.16304307522666,1.4798117278144538,43.9771,58.2484,14.271299999999997,0.028923450187250184,-7.764479236602004e-06,70.52089009557282,1.7168458493826497,62.4428,80.2534,17.8106,0.024345209583371812,2.4493261850523843e-05,0.45002312790192356,0.0035672080791619536,0.416441,0.502486,0.08604499999999998,0.007926721668268077,-9.880208856597324e-09,859.6157595594087,1.82680725181841,851.189,870.222,19.033000000000015,0.0021251439745063887,-1.1210601331310466e-05,859.9968143650777,0.33675611428617036,859.001,861.0805,2.0795000000000528,0.0003915783275718203,4.396630025066446e-07,859.9957800334911,0.24253661739090973,858.997,860.662,1.6650000000000773,0.0002820207064056344,8.35762471017317e-08,859.9965085572152,0.2991294893676937,858.822,861.69,2.868000000000052,0.0003478263997484505,-3.015324238515542e-07,282.96792024075035,9.352404555848839,268.945,296.419,27.47399999999999,0.03305111246494575,-3.571759453857231e-06,279.85770752285543,6.475785281088637,269.11,290.573,21.462999999999965,0.02313956381051171,-1.7485735999878508e-05,332.14462150563924,0.09246209268796145,331.737,332.457,0.7199999999999704,0.0002783790153482633,-1.892449486790013e-06,332.52879398867947,0.09906073565319287,332.072,332.749,0.6770000000000209,0.0002979012267327601,-5.551498104609371e-06,50.79115515465111,7.327272481491164,-4.652666693239368,-0.020286468963703896,-0.38074899780644955,-0.3810548056690095,3.1102127178949104,-0.3841724830402313,2022-01-15,2022-01-15,90088.0,9.0,90097.0,9.989233825765563e-05
HZA10,18763,2022-01-17T12:20:00,2022-01-17T17:39:00,319.0,1.0201471058522547,73.50291334274925,2.6456662556252115,56.3234,83.4612,27.137800000000006,0.03599403255335314,-6.048641433775343e-05,21.218347243511214,2.2181569536819863,9.08299,30.2601,21.17711,0.10453957267384816,-2.7418322985072377e-05,100.00661524601581,0.3878281439774116,98.3456,101.45,3.1043999999999983,0.0038780248988865003,1.8274762113509589e-06,99.99268008155894,0.2813955983108188,98.6647,101.195,2.530299999999997,0.002814161977469738,-4.4380799944968034e-06,66.22099477162504,0.7549357555577149,64.5949,67.5821,2.9872000000000014,0.011400247884545467,2.7071725573876133e-05,77.30300476692545,18.34026231781261,0.0420591,100.0,99.9579409,0.23725160972862466,-0.0005134732551133656,45.96868553003234,2.228401391252348,37.4391,56.3227,18.883599999999994,0.0484765088572412,-0.00020889482541103073,49.838418784309575,1.536257909220705,42.7643,57.1904,14.426099999999998,0.030824772267942793,8.882031484278851e-05,70.14526077919338,2.0589403269689437,59.0838,82.2048,23.12100000000001,0.029352522238817742,4.660709911022868e-05,0.4500118712625924,0.002589947573565193,0.434564,0.463185,0.028621000000000008,0.00575528722453168,-2.6328283594933143e-09,859.548888797085,2.4719386954154805,851.964,871.419,19.454999999999927,0.002875855844424266,9.200789711692117e-06,860.0043956401196,0.32882397165783017,859.103,861.159,2.05600000000004,0.0003823515011374791,-3.3979260589489907e-06,859.9903709084003,0.22580880503078976,859.254,860.995,1.7409999999999854,0.0002625713178535591,-3.643711868930463e-07,860.0013804029243,0.4020397544740431,858.31,862.125,3.8150000000000546,0.0004674873362246013,-1.5165138995976145e-06,283.1204480093835,9.426161333820174,267.289,295.687,28.398000000000025,0.033293820351357174,-5.019095301743986e-05,279.1107769989325,6.065086611484514,269.46,288.711,19.251000000000033,0.021730033776186687,-9.849071319605855e-05,332.1828873847439,0.09931956247384875,331.893,332.493,0.6000000000000227,0.0002989906050121539,-2.382841050219291e-06,332.4072981343316,0.10740680392433581,332.117,332.64,0.5229999999999677,0.0003231180678858948,-9.466159840475712e-06,52.284566099238035,7.157743987732076,-3.869733254277236,0.01393516445686771,-0.45249160583921366,-0.45550684303452726,4.0096710104509725,-0.22441074958771878,2022-01-17,2022-01-17,44825.0,1.0,44826.0,2.230848168473654e-05
HZA11,38237,2022-01-20T13:53:00,2022-01-21T00:44:00,651.0,1.0215503713777592,74.11960292975422,2.6077855965190477,54.1359,82.8092,28.673300000000005,0.035183480394390926,-8.144064994354124e-05,23.207628438030902,2.254232678025169,7.50646,32.2592,24.75274,0.09713326305806859,-8.369109912270676e-05,100.0066358352699,0.33877315312861384,98.2454,101.912,3.6666000000000025,0.003387506741918988,6.775861391148884e-07,100.01057410753654,0.2522890161029518,98.5351,101.401,2.8658999999999963,0.002522623416116756,-1.4463342882359458e-06,66.04307087027661,0.6472224258463694,64.3341,67.441,3.106899999999996,0.009800005016690688,-1.2943398419114269e-05,77.7191530423079,17.282708171937394,0.158662,100.0,99.841338,0.2223738614666738,-0.00015118119829225836,47.385541489917586,2.154463941001173,37.4024,56.044,18.641599999999997,0.04546669454984675,-2.3961969951407875e-05,50.88948302429572,1.7430796195064995,41.512,58.0918,16.5798,0.03425225637828382,-5.78499929576814e-05,69.71614248045074,2.0072856650767954,62.0491,82.1979,20.1488,0.02879226522952934,-6.065845956481896e-05,0.4499200784580408,0.00317647591704849,0.422714,0.466862,0.04414800000000002,0.0070600892672646656,-2.4696841857249957e-09,859.6155036090602,1.9739518342178757,851.348,871.3565,20.008500000000026,0.00229631948927203,8.14952298067686e-06,860.0029084632297,0.38130678450565464,858.875,861.116,2.2409999999999854,0.0004433784825065598,9.084119727908477e-08,860.0138013346768,0.2588688304610675,859.174,860.939,1.7649999999999864,0.0003010054374235885,8.82493316615009e-07,860.0031571294219,0.33560890661313764,857.992,861.857,3.865000000000009,0.00039024148205845695,6.66473098596746e-07,282.88443565133224,9.418170207261602,268.689,296.198,27.508999999999958,0.033293348874343584,3.5320940851737624e-05,279.1441208677693,6.665575746985269,268.619,290.108,21.488999999999976,0.023878617705664507,1.1578197104331344e-05,332.1949029579465,0.09670576530478135,331.822,332.591,0.7690000000000055,0.00029111152652761685,3.9966145809745597e-07,332.4489957109558,0.06888541083034523,332.107,332.683,0.575999999999965,0.00020720595254929546,9.950892484613426e-08,50.91197449172332,8.003010561857153,-3.5039415343781357,-0.003938272266637455,-0.3876535203617095,-0.3874048541695174,3.740314783562951,-0.2540927530092745,2022-01-20,2022-01-20,89726.0,5.0,89731.0,5.572210272926859e-05
HZA14,40402,2022-01-25T18:50:00,2022-01-26T06:19:00,689.0,1.0232419989604218,71.93332154225007,2.6564518521262848,56.2998,82.2144,25.9146,0.036929364516638044,5.119234051780949e-06,21.904305425226564,2.249372701315802,7.50426,29.0278,21.523539999999997,0.10269089376033187,1.7889670034771123e-05,99.99722162764618,0.3979843455878942,98.0614,101.756,3.694599999999994,0.003979954033821512,1.4370737363780097e-07,99.99587070689394,0.2644992379710883,98.6671,101.384,2.7168999999999954,0.0026451016037090536,6.339994710641825e-07,68.02967381689105,0.6865756032487245,66.7017,69.4206,2.7188999999999908,0.010092295975087493,-4.837391901368943e-05,75.42892490942772,18.9042100620042,0.0495308,100.0,99.9504692,0.250622822540606,-0.000153662044897522,44.847377679322925,2.098126020269556,33.9552,55.6761,21.7209,0.046783694584597885,-3.835115323423792e-05,51.15007878199141,1.5683399823857862,43.0114,59.3646,16.3532,0.03066153600799452,6.427869673480615e-06,68.74150373248784,1.607608095816013,59.0022,76.1373,17.135099999999994,0.02338628060963181,-9.133689001028581e-06,0.4501316240037624,0.0027138709993984626,0.432447,0.465954,0.033506999999999953,0.006029060956125533,6.765712331376344e-09,859.5848450942979,2.0605133588944193,850.987,871.051,20.064000000000078,0.0023971029394641986,-2.5704447436823567e-07,860.0112440225616,0.3740566569770158,858.948,862.046,3.09800000000007,0.00043494391448584683,8.144561604191454e-07,860.0013198851597,0.25974654140142694,859.143,860.689,1.5459999999999354,0.00030203039855347224,-7.220753814503502e-07,859.9984484307923,0.2992401657971996,858.746,861.754,3.008000000000038,0.0003479543089213849,1.2595971450613455e-07,283.0420986832327,9.45370982084491,268.828,296.683,27.855000000000018,0.03340036646430132,-1.2085896084805697e-05,279.3398174595294,6.292904607118326,268.784,290.001,21.216999999999985,0.022527775182032684,-1.3050353903480223e-05,332.1864506954965,0.08713858539591864,331.87,332.458,0.5880000000000223,0.000262318301103122,-1.496404753456198e-06,332.40379220087976,0.1017720567671612,332.07,332.671,0.6009999999999991,0.0003061699630239412,-2.5474114224204753e-06,50.0290161170235,6.687421176939878,-6.302701102668486,0.0013509207522446331,-0.4136033364944751,-0.42639892826377945,3.7022812237033236,-0.21734150538327413,2022-01-25,2022-01-25,89616.0,1.0,89617.0,1.1158597141167413e-05
HZB02,19606,2022-02-16T11:39:00,2022-02-16T17:12:00,333.0,1.0191277735271613,73.39325752320704,2.9848143853171103,55.7111,86.7461,31.034999999999997,0.04066878192963854,-6.244983792084832e-05,20.33327408726922,2.4641779729339484,5.16911,26.8677,21.69859,0.1211894337507005,-5.41248718667101e-05,100.00630387401111,0.4400831634722386,97.8418,101.721,3.8791999999999973,0.004400554229327979,-6.095802715343138e-07,99.99541128283828,0.32176810709648557,98.5573,101.399,2.841700000000003,0.0032178287280239335,-5.378878775182914e-07,65.28767684264011,0.32557431934729103,64.4353,66.0398,1.6045000000000016,0.004986765268612756,-2.5348487701476648e-05,78.3985973424914,21.76309025125613,0.0146629,100.0,99.9853371,0.2775954033486351,-5.494453589264861e-05,58.56995536315412,2.438315652029577,46.055,70.2032,24.148199999999996,0.0416308265374486,1.9839034044460472e-05,53.39925835203517,1.90347338114324,46.8904,63.0391,16.148699999999998,0.035646064007004964,3.607171283925168e-05,70.92842103182701,1.8068115281750572,63.3256,79.9347,16.609100000000005,0.0254737311488198,2.443206690177267e-05,0.45014120412118735,0.002664209317338581,0.441181,0.465428,0.02424700000000002,0.005918607967781862,1.6870461637924222e-08,859.2828153532258,2.892252661968972,847.969,872.573,24.603999999999928,0.0033658914274691414,1.528260224217227e-05,860.0013306550189,0.5029496671587532,857.319,861.828,4.5090000000000146,0.0005848242894876479,-6.479117185668756e-07,859.9941765276053,0.3293036187616645,858.664,861.074,2.409999999999968,0.0003829137774993922,-4.3617963780653525e-06,859.9957296235835,0.3412830763802479,858.611,861.668,3.0570000000000164,0.00039684275703278906,9.74845574933608e-07,282.9438767343396,9.411850599659202,268.628,296.006,27.377999999999986,0.03326401938182297,-9.432705546827847e-05,279.2401498571573,6.196973447917269,268.306,289.356,21.05000000000001,0.022192272318602012,1.80920366072243e-05,331.99175986943123,0.10469385829085695,331.645,332.276,0.6310000000000286,0.000315350773561464,-4.351215868815828e-06,332.19171492704817,0.08107449419895062,331.879,332.352,0.47299999999995634,0.00024405935053724984,-8.075023110710675e-06,53.05998343593782,7.470176310664385,5.170697011118953,0.010892591172833477,-0.7129142703577145,-0.7185153017931043,3.703726877182305,-0.19995505761693266,2022-02-16,2022-02-16,44241.0,23.0,44264.0,0.0005196096150370505
HZB03,20380,2022-02-17T21:24:00,2022-02-19T18:45:00,2721.0,8.01118798763433,72.87609382482889,3.786997465328047,54.8855,85.4692,30.5837,0.05196487992936055,-1.8649406685073723e-05,21.030341575646215,3.5092854495203945,4.3436,29.6809,25.3373,0.16686773426372947,-2.2541712548721276e-05,99.99472360143471,0.5616027978704032,97.5848,101.895,4.310199999999995,0.005616324318359788,-1.6306081123589368e-07,99.99937059819375,0.4192855734530874,98.4737,101.378,2.9043000000000063,0.0041928821246067,7.123787331229375e-08,65.09370844946109,0.5475644393830752,64.0048,66.617,2.6122000000000014,0.008411941068132653,5.2068396908061946e-06,75.26164535558596,25.185142183419106,0.0355308,100.0,99.9644692,0.3346344883164297,2.865984271963183e-06,57.2139626995421,2.5202618299845083,45.7286,67.2912,21.562600000000003,0.04404976881639206,-3.2902421025079274e-06,53.75253938747192,1.869244536779037,47.1625,61.2494,14.0869,0.034774999620105405,-1.137656735923597e-06,70.0438109404642,1.9606706793970117,61.9667,78.5475,16.580799999999996,0.02799206172638924,-4.415330352092976e-06,0.4504260588975951,0.0036016886521211262,0.435968,0.469627,0.033658999999999994,0.00799618179493468,4.0115670772161756e-10,859.011741362399,3.1807674335198435,847.214,871.063,23.848999999999933,0.0037028218362593307,-1.1820896160428208e-06,859.9990688978261,0.5407832711659613,857.599,862.093,4.4939999999999145,0.0006288184379769487,1.28916151222982e-07,860.0106171303689,0.349535191646523,858.684,860.929,2.2450000000000045,0.0004064312517592292,9.142638586725809e-08,860.0111057125891,0.37353219252389225,858.883,861.499,2.6159999999999854,0.0004343341499228553,-8.721545223843806e-09,282.47262025223324,9.462744548651274,268.409,296.607,28.198000000000036,0.03349968765185645,7.701347351956614e-07,279.20076246789824,5.938016519584203,270.215,288.623,18.408000000000015,0.02126790939643992,-5.709058862144977e-06,331.95977069531705,0.09742794708820786,331.597,332.242,0.6450000000000387,0.000293493235292147,-2.0733689898731574e-07,332.1219651602093,0.09595344504751388,331.801,332.38,0.5790000000000077,0.0002889102652431548,-6.340212577776274e-08,51.84575224918267,5.217834415121757,3.461423312070181,-0.00464699675903546,-0.9993643501901488,-0.9873275354270845,3.2718577843349976,-0.1621944648922522,2022-02-17,2022-02-19,41745.0,22.0,41767.0,0.0005267316302343956
HZB04,40057,2022-02-19T18:55:00,2022-02-20T06:15:00,680.0,1.0185739964050329,72.63021084080184,2.659208258076201,57.348,82.7649,25.4169,0.036612977262380796,1.2748664059450912e-05,19.26661469443532,2.385587011771226,4.59791,26.3573,21.75939,0.12381972908090819,2.3670270291951763e-05,100.01267351707786,0.35721109716862093,98.7529,101.645,2.8920999999999992,0.0035716583169594467,1.2489925364744393e-06,100.02246596764506,0.23421016532569283,99.2216,101.31,2.088400000000007,0.0023415755956412267,1.5710940501762685e-06,65.84264931098164,0.40883274173934075,64.3929,66.7217,2.328800000000001,0.006209238935820784,-1.0459592031954322e-05,75.94698590577494,20.623081035850735,0.0589583,100.0,99.9410417,0.2715457472063098,-5.746687067190843e-05,57.43589508325633,1.7276516215479563,46.7912,65.8822,19.090999999999994,0.030079650000119876,3.882053618798527e-05,53.94080761165352,1.245818547601772,48.0882,60.8138,12.7256,0.023096030681836178,5.480153373880722e-07,69.98635697131536,1.5649841916150962,60.1373,78.1212,17.9839,0.022361275244781226,1.8379245545498544e-05,0.4502299630027204,0.0032941947743723465,0.435235,0.479184,0.043949000000000016,0.007316693789996474,-2.2448343317676366e-09,859.5673332750657,2.154942453149739,852.168,871.551,19.383000000000038,0.002507008316543536,1.218489579032718e-05,859.9949523928187,0.327143991319135,858.878,861.775,2.8969999999999345,0.00038040222260479723,-3.3190111403564075e-09,859.9997969093397,0.19382990826715113,859.16,860.613,1.4530000000000882,0.00022538366748891742,1.9231052615871426e-07,859.9964424694718,0.2857445896181997,858.892,861.62,2.727999999999952,0.00033226252517706557,-7.870074090961553e-08,282.919384374375,9.511964969980253,268.567,296.756,28.188999999999965,0.03362076087863065,-2.8424975984405345e-05,279.46183789349857,6.125552815464739,269.223,289.512,20.288999999999987,0.021919103021855724,-3.241464630637296e-05,331.9624558628979,0.08801989858212865,331.533,332.319,0.7860000000000014,0.0002651501608919332,-3.320336624038659e-07,332.19576910402714,0.10152089173329228,331.703,332.438,0.7350000000000136,0.0003056056132415732,-8.299153777541246e-07,53.36359614636652,5.960628934459578,3.495087471602808,-0.009792450567204014,-0.4291091944061236,-0.42761911775301087,3.457546480876431,-0.23331324112922402,2022-02-19,2022-02-19,89618.0,38.0,89656.0,0.00042384224145623273
HZB05,37640,2022-02-21T22:25:00,2022-02-22T09:04:00,639.0,1.0186242992640613,72.58865312035086,3.6311040747396084,53.5375,87.2995,33.76199999999999,0.05002302589523592,-3.930890010847262e-05,20.66301376912854,3.4963702996619657,5.28188,38.9679,33.68602,0.1692091162851422,1.1208582523540799e-05,99.99413698326309,0.4604665757394485,97.6224,102.269,4.6466000000000065,0.004604935745547971,-3.5779971443812256e-07,99.99308605871597,0.3701803303722049,98.2965,101.563,3.2665000000000077,0.0037020592619257183,-1.1780415315312353e-06,65.15502089266633,0.7798000598078949,63.1405,66.474,3.333500000000001,0.01196838016662607,-3.1881669034112204e-05,74.13569456173984,21.00977573792019,0.0280169,100.0,99.9719831,0.2833962217811739,-0.00024246637300868844,58.818273267800116,1.8317351451484498,49.5554,70.3018,20.7464,0.03114228016875884,-4.269035056887024e-05,52.661133502922645,1.3601116145177687,45.2398,60.4686,15.2288,0.025827617524455372,-6.236013253057024e-06,70.92632591392136,2.080666529448517,60.8254,82.5284,21.703000000000003,0.029335602861674883,-1.988470407217105e-06,0.4494009953639723,0.005135341498480762,0.410689,0.469162,0.058473,0.011427080828607468,-3.450063374208283e-08,859.6877682252939,2.3543892969056435,850.597,871.029,20.432000000000016,0.002738656270247922,1.3351610955033651e-05,860.0082022051112,0.3299652974015787,858.218,861.431,3.213000000000079,0.00038367691907533955,5.251516668968121e-07,859.9963575451811,0.2027660789993579,859.328,860.652,1.3240000000000691,0.00023577550907092682,-1.1645009890561828e-06,860.0019833687703,0.37456353235105466,858.158,861.868,3.7100000000000364,0.00043553798664955074,-1.86168405781653e-07,282.93418331561963,9.372787557669573,268.533,296.138,27.60499999999996,0.03312709495838476,6.176548763516357e-07,279.10320833444143,6.163443492163286,268.939,289.352,20.412999999999954,0.02208302630752208,-4.768251522287069e-05,331.91437108129924,0.1326596230669824,331.445,332.393,0.9479999999999791,0.00039968026281841435,-3.2916047300098137e-06,332.1087692481392,0.2355717894852449,331.427,332.664,1.2369999999999663,0.000709321196241086,-5.557170524816889e-06,51.925639351222316,3.2093686478184793,6.157139764877471,0.0010509245471155282,-0.3142151434764173,-0.32043397981726685,3.8309749811782012,-0.19439816683996014,2022-02-21,2022-02-21,74537.0,46.0,74583.0,0.0006167625330169074
HZB08,20529,2022-02-26T12:38:00,2022-02-26T18:27:00,349.0,1.020070148090413,71.46681695162926,3.153340277635791,54.2342,82.0701,27.835899999999995,0.04412313871163536,-5.282704068766008e-05,19.305044116371977,2.8499345890926953,5.65785,25.9666,20.30875,0.14762642198138043,-5.9162757444239193e-05,99.9979031540737,0.4803596064185846,97.8979,102.026,4.128099999999989,0.004803696790306305,-8.999346814647157e-07,100.00676380729931,0.3384179563224554,98.6351,101.348,2.7129000000000048,0.003383950679321501,-6.288684871006689e-07,66.55855485309179,0.35341407894578114,65.7342,67.3261,1.5918999999999954,0.005309822001481817,3.412734259692578e-05,72.90005910983979,24.86770266768372,0.0755556,100.0,99.9244444,0.3411204733073689,-0.00036895184979130564,58.191049632227745,2.386931789444535,44.8505,67.4208,22.570300000000003,0.04101888184746867,-2.8438046331967625e-05,54.25109330459363,1.5557603221677554,47.5347,61.6955,14.160800000000002,0.028677031694696254,-1.2809840885265646e-05,70.98589484631519,1.825246772018136,63.2003,82.2241,19.02380000000001,0.025712809227379667,4.6051090438045695e-06,0.4500920955234058,0.0033130072764582176,0.427852,0.464599,0.036746999999999974,0.007360731968877542,1.0736005128735484e-08,859.4107248282746,2.79979789703209,850.985,871.239,20.25400000000002,0.003257811214296329,-3.483528041571582e-05,860.0047683782185,0.5099894604948144,858.217,862.435,4.217999999999961,0.0005930077125694818,4.066513589942766e-06,859.9900736762581,0.31439634330240585,858.936,861.032,2.0960000000000036,0.00036558136300159186,1.5493198014786141e-06,859.991853802315,0.3742909668322465,858.644,861.618,2.9740000000000464,0.00043522617705897966,2.3001817582718435e-06,283.5790186817998,9.502840640736443,269.274,296.946,27.672000000000025,0.03351037987545705,7.701498588424077e-05,279.607806109029,6.570364136571934,268.981,289.754,20.773000000000025,0.023498500374520715,-1.6365933103333282e-06,331.9530773334076,0.10896784085670988,331.593,332.255,0.6619999999999777,0.00032826278259582024,-3.7957534753274833e-06,332.27043605983044,0.09498146705256748,331.957,332.487,0.5300000000000296,0.0002858559075519574,-8.623202499939858e-06,52.16177283525728,1.9141642635245972,3.939956327634114,-0.008860653225610804,-0.5811289740403254,-0.5940435499438763,3.97121257277081,-0.3173587264228672,2022-02-26,2022-02-26,45426.0,14.0,45440.0,0.0003080985915492958
HZB09,49679,2022-02-28T00:27:00,2022-02-28T14:29:00,842.0,1.0169491525423728,71.04079163060193,2.935443886069744,52.5982,84.9985,32.40030000000001,0.04132054019518071,3.318232740310819e-05,19.27743288300887,2.774820518039238,6.6541,28.7064,22.0523,0.14394139172363374,5.4009998980599635e-05,99.99761299240888,0.4035910291492806,97.8969,101.755,3.858099999999993,0.004036006631277473,-2.79208932407493e-07,100.00144371451748,0.27508329443693874,98.4974,101.3235,2.8260999999999967,0.002750793230768169,4.2521012880690457e-07,65.56507939891685,0.5180828120396771,64.202,66.8778,2.6757999999999953,0.007901810182940706,8.732320790346283e-06,72.91416116328838,20.148056860025523,0.0743318,100.0,99.9256682,0.276325703245831,7.092482364751465e-05,57.026498307803145,1.9103389708444796,43.8819,65.495,21.613100000000003,0.033499145617066246,7.6242470863145115e-06,53.15154396693432,1.582283801291747,45.7643,62.2147,16.450400000000002,0.029769291410915343,4.8006036193541824e-05,69.58224865570301,1.7742860193232712,60.0033,80.3385,20.335199999999993,0.025499118720674594,2.8514711227569703e-05,0.4499755327569821,0.002859496762860178,0.423543,0.474863,0.05131999999999998,0.006354782770832351,1.01189213757068e-08,859.7844739506652,2.2280538599130164,850.797,870.978,20.180999999999926,0.0025914097397865586,4.679031451875694e-06,859.9878111777699,0.3579000441344401,858.088,861.846,3.758000000000038,0.0004161687403967843,3.334487153433632e-07,859.9954457606934,0.25006128329301275,859.069,861.341,2.272000000000048,0.00029077047387364425,6.325290932627707e-07,859.9968197885883,0.32428651411763687,858.332,861.603,3.270999999999958,0.00037707873640434596,-1.484527108407852e-07,283.6999083543062,9.623007211854526,268.891,297.332,28.440999999999974,0.03391966979360662,-2.664141395913488e-05,279.8395608543316,6.684214805780499,268.554,290.995,22.44100000000003,0.02388588227259232,9.017316760390982e-06,331.91945860342656,0.10425479426536051,331.563,332.295,0.7320000000000277,0.00031409666279891984,-3.3095129772877145e-07,332.43584449612354,0.1453123361251885,331.992,332.75,0.7579999999999814,0.0004371139229749425,1.8738616274600952e-06,51.76335874759306,3.331912507585372,3.8749543408688254,-0.003830722108602913,-0.21234583792306694,-0.20333722710472557,3.8603474999746368,-0.5163858926969738,2022-02-27,2022-02-28,104580.0,44.0,104624.0,0.0004205536014681144
HZB10,14443,2022-03-01T10:36:00,2022-03-01T14:41:00,245.0,1.0178645616950561,71.59330482240522,2.9532988782802008,55.1579,81.9598,26.801900000000003,0.04125104834322388,-0.00011020465848028244,19.343382030395393,2.7100905079805853,6.18196,28.4844,22.30244,0.14010427461557967,-1.646651230749732e-05,100.0004530880017,0.43042810014072436,98.1054,101.817,3.71159999999999,0.004304261499314828,-3.060364696938371e-06,99.9810104133492,0.36987222529881103,98.3714,101.419,3.0476000000000028,0.0036994247584581992,1.4204209314038812e-05,66.65074839357338,0.4199960441778143,65.7,67.5919,1.8918999999999926,0.006301445284571047,3.0197248593039538e-05,72.82918263379736,23.4626349274335,0.00384459,100.0,99.99615541,0.32215980021922347,-0.0003679114801236649,57.45032551755175,2.0410262548158076,48.6884,67.7443,19.055899999999994,0.03552680052599964,-0.00012988026335622035,53.59579199266075,1.262286203086572,47.7187,60.0237,12.305,0.023551964737444794,7.30610784694547e-05,70.40346429758353,1.7743899534580763,62.1663,80.3016,18.135299999999994,0.025203162531292924,7.953827231411018e-07,0.45022786744443566,0.003011069897594338,0.434224,0.467278,0.03305400000000003,0.006687879883325849,2.5172224675321946e-08,859.7583050266618,3.056287296180561,849.054,871.81,22.755999999999972,0.003554821486819814,-4.4240629327152744e-05,860.0157802285323,0.4122447602491336,858.446,861.269,2.822999999999979,0.00047934557682137837,5.419496349628327e-07,859.9996579166037,0.21286332623635615,859.369,860.734,1.365000000000009,0.0002475155940782921,-1.2539181097788992e-06,860.0011022506825,0.3550090665133285,858.79,861.261,2.4710000000000036,0.00041280071105053833,-8.963963691516807e-07,283.37124828636564,9.564277307829139,269.245,297.181,27.93599999999998,0.03375175627614766,-1.964208793429999e-05,279.73458145814595,6.506782112573416,269.385,290.326,20.94100000000003,0.023260556770121624,-0.00016435582629906707,331.93122836172023,0.093283279798244,331.657,332.292,0.6349999999999909,0.00028103194827028765,-2.3630870342359737e-06,332.47141839207313,0.07821491681046563,332.235,332.683,0.4479999999999791,0.0002352530548001249,-7.1776091084382516e-06,52.249922792009826,2.4257183362138335,3.8545335248909964,0.019442674652509595,-0.24279722402070547,-0.25747520187053397,3.6366668282196883,-0.5401900303529032,2022-03-01,2022-03-01,30019.0,6.0,30025.0,0.00019983347210657785
HZB11,21983,2022-03-02T06:05:00,2022-03-02T12:17:00,372.0,1.0153762169047402,71.92551780694127,3.3291826099412294,51.1655,82.4525,31.287,0.04628652961355451,-8.378768297691122e-05,19.549908195423725,3.7698601961670537,2.14252,28.9736,26.83108,0.19283262910920004,-0.0002178315225408313,99.99494791192716,0.42351111365309047,98.2296,102.307,4.077399999999997,0.004235325108885577,2.702663426637708e-07,100.01196808689635,0.3764541631573837,98.2153,101.656,3.4407000000000068,0.00376409114187512,1.801018792121153e-06,65.73958096852195,0.5656044266308672,64.1159,66.8276,2.7117000000000075,0.008603712075708168,-4.754427173909489e-05,72.16628358453941,22.625418165675967,0.0473843,100.0,99.9526157,0.3135178512992338,-0.0002490171516037436,57.19628548423748,2.6483989843703126,43.901,67.3658,23.46479999999999,0.0463036884641779,-0.00010405201357954072,53.00164914479348,2.007534537638177,44.6335,61.2248,16.591300000000004,0.037876831570916945,8.488955007060124e-05,70.10168997634506,1.7259549487506212,60.5315,78.8588,18.3273,0.024620732386523396,-3.2311700664566984e-05,0.45014571546194954,0.0030243215810215477,0.431665,0.47112,0.03945499999999996,0.006718539079990846,2.6867413767359623e-08,859.7906253923586,2.8647887493892847,849.423,872.044,22.62099999999998,0.0033319609039490993,-2.0406845718926928e-05,860.0070660798116,0.5025252991843885,857.948,862.036,4.087999999999965,0.000584326942190208,1.1018134048283096e-06,859.9953206551378,0.3357372582949217,858.911,860.897,1.9860000000001037,0.000390394284981876,2.6697950489940106e-06,860.0012871474016,0.3473893811249798,858.934,861.38,2.4460000000000264,0.00040394053627205594,2.179679805910674e-06,283.78292531847,9.6122457703058,268.95,297.17,28.220000000000027,0.0338718256551857,3.533695555273269e-06,279.5929590574117,6.623612062238738,268.996,290.318,21.322000000000003,0.023690196221567383,6.917032400527967e-05,331.8481251876467,0.12744221861761243,331.347,332.19,0.8430000000000177,0.00038403778398792823,-5.859689966990523e-06,332.44045948589866,0.22500738857289848,331.817,332.787,0.9699999999999704,0.0006768351509345774,-1.9167732361585294e-05,52.37560961151755,2.0645936081943574,4.194636339443996,-0.01702017496918984,-0.2106617550430201,-0.21644068745297318,4.189966261058316,-0.5923342982519557,2022-03-01,2022-03-01,45471.0,10.0,45481.0,0.00021987203447593502
HZC01,41014,2022-03-04T13:59:00,2022-03-05T01:36:00,697.0,1.0196766878794528,71.72662937021552,2.362819257681382,54.5157,83.4974,28.981699999999996,0.032942008824724485,-2.8854161841121598e-05,18.889383167211165,2.618345160301031,4.13005,27.1612,23.03115,0.13861464596927886,-0.00013354465841007321,100.00053958485648,0.3383830615250981,97.8472,101.754,3.906800000000004,0.0033838123567119325,-3.023985598876725e-07,100.0006129077878,0.24548240225839724,98.5903,101.325,2.7347000000000037,0.0024548089768685775,1.6422020383757111e-06,67.31675327944727,0.3564239358485636,66.5857,68.3143,1.7286000000000001,0.00529472855544542,1.1665693012029398e-05,78.70260328080606,18.07350775129596,0.154168,100.0,99.845832,0.22964307402654513,-3.285906541529439e-06,58.95908250499776,1.8410963608401012,47.8623,67.021,19.158700000000003,0.031226679293797317,1.3183123926665607e-06,53.24573735285539,1.7233949881079031,43.7878,63.151,19.363200000000006,0.03236681608308093,-8.050628766798143e-05,71.61752212244625,1.6753725817264844,63.5965,81.6423,18.045800000000007,0.023393333531730665,-3.702284278663736e-05,0.4500509742965822,0.002474195456803837,0.4353615,0.465444,0.030082500000000012,0.005497589380116195,-2.550710156447708e-09,859.4337939605938,2.2203975913057645,849.109,872.325,23.216000000000008,0.002583558625351859,1.567658195323485e-05,859.9992407709736,0.36831862948274163,858.451,861.706,3.2549999999999955,0.0004282778542368836,-1.9118711081917428e-09,860.0018359220278,0.2475954678214491,859.173,860.913,1.740000000000009,0.0002879010921598746,6.966785709553909e-08,860.002210233112,0.30896790975400673,858.226,861.688,3.461999999999989,0.0003592640880193296,6.701598288880947e-08,283.87008595439295,9.557978978795346,269.374,297.403,28.028999999999996,0.033670257810577996,1.4241767466645788e-05,279.8904969522599,6.602838748999783,269.139,290.877,21.738,0.023590792902575788,4.092862453514524e-06,331.89417219729705,0.08665713044590295,331.444,332.145,0.700999999999965,0.00026109868055890104,2.507706664283104e-06,332.5162747866367,0.0891211632467942,332.097,332.798,0.7010000000000218,0.00026802045495060334,2.8688150260647494e-06,52.837246203004355,7.085081158359813,5.713345152142367,-7.332293131412371e-05,-0.5684162725182205,-0.5654468103798536,3.979589002133025,-0.6221025893396472,2022-03-04,2022-03-04,89775.0,3.0,89778.0,3.3415758871883984e-05
HZC02,39482,2022-03-06T00:47:00,2022-03-09T02:28:00,4421.0,6.718674805602695,70.43181709386528,3.2516822383938084,52.4834,82.1555,29.6721,0.04616780274261922,-1.3629646177317185e-06,18.021494106470637,3.1560419395648123,1.17697,30.9299,29.75293,0.1751265417239535,3.4716438529794583e-06,100.02966352549186,0.40607651216388424,98.3735,102.151,3.777499999999989,0.004059560912752631,5.896893380678973e-08,100.05627896963004,0.26806606964707846,99.2881,101.487,2.1988999999999947,0.002679152896825638,2.553573421845913e-07,66.13386792082014,1.116852819212282,62.4645,67.6462,5.181699999999992,0.016887758939934563,-7.172308492526875e-06,72.3330954747189,22.59992932570183,0.0128635,100.0,99.9871365,0.3124424466750592,2.0655366151576864e-05,55.63604331746133,7.453872301524144,8.62001,67.0219,58.40189,0.13397560029551475,4.521325889260518e-06,50.9016327333002,8.292402527239178,0.0437045,62.4923,62.4485955,0.16291034455981668,1.923046587897965e-05,68.86174580456628,11.196175426395536,0.0062442,80.9225,80.9162558,0.16258918933265135,1.7388217205790182e-05,0.4333862325563537,0.07791671416601749,0.00509637,0.466436,0.46133963,0.17978585454000523,9.06286991183259e-08,859.5167800840557,2.579192750081407,848.837,871.205,22.368000000000052,0.0030007474081299233,-8.36930567741752e-08,860.1271887490349,0.7947362030804644,857.286,866.034,8.748000000000047,0.0009239752137545207,-5.532297592323168e-07,860.2052855352026,1.0836789691122333,858.969,870.119,11.149999999999977,0.0012597911072331877,-1.012275804422755e-06,860.466257788805,2.742880179130449,858.277,882.148,23.87099999999998,0.0031876673307085894,-2.4272860080443253e-06,283.69881179554824,9.633989209477589,268.589,297.175,28.586000000000013,0.03395851095922272,1.4202785489623792e-06,279.759860518716,6.762749615318466,268.75,290.918,22.168000000000006,0.024173409304606215,-1.0098429162406474e-06,331.88759023098083,0.16982577400080792,331.21,332.327,1.1170000000000186,0.00051169666778627,3.560263352097636e-07,332.47328594224905,0.2862884200383879,331.712,332.976,1.26400000000001,0.0008610869869650715,-1.4562806530211753e-06,52.410322987394636,3.4713496701526196,4.734410584161132,-0.026615444138187172,-0.9494777047493699,-0.610408664979218,3.938951276832256,-0.5856957112682153,2022-03-05,2022-03-08,89734.0,5.0,89739.0,5.57171352477741e-05
HZC03,36199,2022-03-09T02:30:00,2022-03-09T12:43:00,613.0,1.01607823636665,70.54239759938122,2.2076679637567302,58.7802,81.3363,22.556099999999994,0.031295618505828834,-1.9997851647162723e-05,19.899167121098916,2.195524240355483,11.107,30.3089,19.201900000000002,0.11033246904226396,3.995924473761832e-05,99.99043997486042,0.3091152479905238,98.441,100.945,2.5039999999999907,0.003091448023113425,2.225421931705431e-06,99.97799936868292,0.2654499763402904,98.2491,100.696,2.4468999999999994,0.002655083898622599,2.9111271926400756e-06,66.71973457702515,0.4865638288600015,65.2703,67.6473,2.3769999999999953,0.0072926523455857555,3.452387848743414e-05,77.88460751315525,17.57836280968454,0.0688112,100.0,99.9311888,0.22569752061362616,2.1339143919248264e-05,56.13434924583518,1.5988912153121175,47.9932,65.1286,17.135400000000004,0.028483294752557325,3.9204518238238135e-06,52.87389473604245,1.2203289444320538,45.3096,60.3072,14.997599999999998,0.023079989672109294,-3.292425050293058e-05,71.1838864968648,1.3612624949306857,63.9342,79.5822,15.648000000000003,0.01912318309552599,-7.4965395351098035e-06,0.45006738353269315,0.0018735957067330775,0.439765,0.463183,0.023417999999999994,0.004162922653996273,8.114267982800027e-10,859.3942658369325,1.7648797891596455,852.343,865.771,13.427999999999997,0.0020536322609051782,-4.20818231127535e-06,859.9983371691687,0.30896571740673745,858.867,861.296,2.4290000000000873,0.0003592631567448733,-4.098516079054521e-07,860.0051934583744,0.18649487969591186,859.208,860.612,1.4039999999999964,0.00021685320171841325,-1.8911619038173584e-07,860.001221953643,0.22418231974488986,859.095,860.828,1.7329999999999472,0.0002606767455930127,-1.0603919433532079e-07,283.18893553689554,9.667776097652649,268.386,296.923,28.536999999999978,0.034138961253283404,4.75649387437049e-05,279.4709497071667,6.593511918537368,268.649,290.476,21.826999999999998,0.023592834695148585,3.062779585186192e-05,332.0116363209418,0.08658050546911439,331.715,332.314,0.5990000000000464,0.00026077551506484135,1.2048413295147224e-06,332.3231304906312,0.06226263979377529,332.107,332.532,0.4249999999999545,0.00018735572122786858,1.9452999187354996e-06,50.643230478282305,6.700721016290444,3.26045450979273,0.012440606177506197,-0.6069561167105348,-0.6040713322362308,3.717985829728832,-0.31149416968935384,2022-03-08,2022-03-08,75695.0,30.0,75725.0,0.0003961703532518983
HZC04,8097,2022-03-10T10:49:00,2022-03-10T13:06:00,137.0,1.015316205533597,70.42323495121657,3.507312923433026,53.4004,80.3588,26.958400000000005,0.049803348651373425,-0.0005082394563050196,19.85462140237123,3.10756522095405,6.86285,28.6539,21.79105,0.1565159646198499,-0.0004974552187369923,99.99032892005448,0.5321126300223555,97.9762,101.793,3.8168000000000006,0.005321640960375247,6.113365961803852e-06,100.0334032620772,0.4140656361268363,98.6342,101.328,2.693799999999996,0.004139273708823312,-3.1134193911670436e-05,67.72356398666142,0.25056598896587534,66.9616,68.2704,1.3087999999999909,0.0036998346545262426,6.026746696653654e-05,76.04803825416859,24.270291078035218,0.11867,100.0,99.88133,0.31914420983377356,0.0014752503174330703,55.211865734222584,3.423386736454577,41.3236,66.0679,24.744299999999996,0.06200454722783659,6.357359155426305e-05,52.75429673953313,1.976339401831912,46.8291,63.8622,17.033100000000005,0.03746309824941479,-7.247444913677414e-05,70.95970075336525,1.8420489510040543,58.0206,78.7778,20.757199999999997,0.025959085670421114,-5.768394372055319e-05,0.45016497221193125,0.0013786823768193396,0.444578,0.456299,0.011721000000000037,0.0030626158451312726,-2.7716240768081425e-08,859.3182876373846,3.8342681322993197,847.302,872.085,24.783000000000015,0.004461988284738222,3.710473663525525e-06,859.9934903656059,0.8036321681660279,856.905,862.62,5.715000000000032,0.0009344630827663389,-3.406646868184175e-06,859.9961538746808,0.43513549861897843,858.354,861.272,2.9180000000000064,0.000505973772857578,2.7659880522085473e-06,859.9969353762515,0.4013822535601561,858.791,861.891,3.099999999999909,0.0004667252138341052,1.1521714417678735e-05,284.2312871525637,9.682003454822384,269.191,297.065,27.874000000000024,0.03406382017904131,-0.0002959240814705035,279.8640486660084,6.960180901483417,269.27,290.386,21.116000000000042,0.024869864259663244,-0.000776413387237479,332.08199209583603,0.08489507178763886,331.857,332.334,0.47699999999997544,0.00025564491242614226,1.6694644777903508e-06,332.29955495862504,0.06791967451741626,332.067,332.507,0.4399999999999977,0.00020439291447703868,1.3679304149100678e-05,50.56861354884534,5.088337500803334,2.457568994689453,-0.0430743420227202,-0.6786477388668573,-0.6752027282212794,4.367238486555323,-0.21756286278900916,2022-03-10,2022-03-10,18356.0,2.0,18358.0,0.00010894432944765226
HZC05,13102,2022-03-11T00:22:00,2022-03-11T04:05:00,223.0,1.0212960842683765,69.5365795565561,3.5140350004499297,49.8688,78.147,28.278200000000005,0.05053505684144075,-0.00038166786486597547,18.2982422174729,4.045855910925378,2.99678,28.492,25.49522,0.22110626052714563,-0.0006644423278023666,100.02292799191059,0.43025310064468497,98.4645,102.019,3.5545000000000044,0.004301544748614857,2.966848359350864e-05,100.01625977331626,0.4361915793738522,98.2392,101.446,3.206800000000001,0.004361206671419896,4.814600017690786e-05,67.59506609296244,0.3022002855068908,66.723,68.2611,1.5381,0.004470744729967118,1.3639556179097765e-07,74.20987648935146,23.34235888712418,0.0864929,100.0,99.9135071,0.3145451790432993,-0.00028335777907844523,54.76857301429778,2.9573080948801778,36.678,63.3473,26.6693,0.05399644234127021,-0.00011769594599670124,52.72822039128878,1.747448233681504,45.7488,60.7377,14.988899999999994,0.033140663969197785,-6.02445222097811e-05,70.19479794306258,1.6487136658066295,62.7144,80.3303,17.615899999999996,0.023487690172481982,-7.669653873341333e-05,0.45026479342848325,0.0022011826081320546,0.441359,0.461047,0.019687999999999983,0.004888640285134072,1.4669878593079206e-08,859.390209665925,2.880923985851837,851.061,870.86,19.798999999999978,0.0033522885802617568,-9.402997559791898e-06,860.0143863150976,0.5849567740161646,857.824,862.539,4.715000000000032,0.0006801709172825912,4.625870139605238e-06,860.003676537939,0.308718797655029,858.875,861.091,2.216000000000008,0.0003589738114816186,2.616340289486637e-06,860.0018002977085,0.31281848079018604,858.705,861.304,2.5989999999999327,0.00036374165807780525,4.014291328655171e-06,283.7625805220607,9.55967684289864,269.068,297.063,27.995000000000005,0.033688997419289525,0.00033242149583136426,279.7235589604645,6.4876057253786055,269.973,289.393,19.41999999999996,0.023192918571065188,-3.701719457917814e-05,332.03319500839257,0.1044636594408474,331.632,332.287,0.6549999999999727,0.0003146181195473752,-6.6017465361321575e-06,332.22925267134644,0.13416162272762658,331.843,332.477,0.6339999999999577,0.00040382242577640884,-1.4636567706397009e-05,51.2383373390832,4.015078546288876,2.0403526230089994,0.006668218594327868,-0.6115906317835424,-0.6241766491725684,4.039021561596201,-0.1960576629538764,2022-03-10,2022-03-10,27498.0,8.0,27506.0,0.00029084563367992437
HZC06,45197,2022-03-11T04:07:00,2022-03-12T06:20:00,1573.0,2.0882378971590407,70.14961563130518,3.126755132134383,51.5653,81.4511,29.885799999999996,0.044572662358808815,1.0089369853705753e-05,20.44150039514478,3.2624073346133917,5.10924,32.0311,26.921860000000002,0.1595972541911978,4.549183222903851e-06,99.9935390618691,0.46605813207434427,97.8522,101.742,3.889800000000008,0.004660882457475374,9.653957957060585e-07,100.004941040446,0.37531725539286515,98.2127,101.302,3.0893000000000086,0.0037529871173172516,1.3358858232342316e-06,67.96549956002099,0.43825562722703476,66.5274,68.9715,2.444100000000006,0.0064482072531521235,9.898273361653381e-06,75.1082529816864,24.358095957361094,0.0195006,100.0,99.9804994,0.32430651746486916,3.113478295574194e-05,55.30858505984896,2.814548249207709,38.5019,66.0689,27.567,0.05088808990796112,9.758169962454227e-06,53.45815746527416,1.7824515500841704,45.482,62.4147,16.932700000000004,0.03334292902335872,1.6130871693047398e-05,70.99558825541222,1.8257951204069596,60.1504,80.3058,20.155400000000007,0.025717022216063878,1.0293010722400994e-05,0.45039657634581903,0.0021880499713773055,0.441799,0.461952,0.020152999999999976,0.00485805196196096,-3.612184920980061e-09,859.1712481926602,2.9161215767987216,847.048,870.542,23.494000000000028,0.0033941098272702113,-4.35616957707694e-07,860.0047514326619,0.5797292208141528,857.088,862.538,5.4500000000000455,0.000674100020782903,2.5257457475302846e-08,860.0019078978365,0.3372135287876013,858.548,861.317,2.7690000000000055,0.0003921078845183916,-2.3860523068252642e-08,860.0046120336299,0.31935057675785783,858.63,861.403,2.7730000000000246,0.0003713358885398278,8.3356580279176e-08,283.7115219932646,9.562092154793824,269.092,297.251,28.158999999999992,0.03370357357224579,-2.3666963285767748e-06,279.8776402146235,6.4867962269292825,269.487,290.813,21.325999999999965,0.02317725782579451,3.3280656352661347e-06,331.99446813483087,0.10143247663855877,331.659,332.333,0.674000000000035,0.00030552459867302554,-9.935942769918871e-07,332.16740743597353,0.11449149158711887,331.771,332.461,0.6899999999999977,0.0003446800890878721,3.9926366252508757e-07,49.7081152361604,4.11266472627419,1.8504275945747963,-0.011401978576898841,-0.833363840969696,-0.8335032400017326,3.833881778641114,-0.17293930114266232,2022-03-10,2022-03-11,89624.0,14.0,89638.0,0.00015618376135121266
HZC07,46363,2022-03-13T04:55:00,2022-03-16T13:35:00,4840.0,6.263750485311246,69.04185887388623,4.159397400471426,50.0919,83.6377,33.54579999999999,0.0602445743540755,6.683051128488637e-06,20.500541144770487,3.841531060976081,5.72352,34.1004,28.37688,0.18738681256499526,2.850717489760332e-06,100.01482668888532,0.6106715902853431,97.3421,102.469,5.126899999999992,0.006105810613309869,-1.3599301935092936e-07,100.00170516511882,0.45898992086560836,98.1443,101.475,3.330699999999993,0.00458982094463032,-3.719601157692901e-08,67.32367193632223,1.3982963315479016,65.4581,69.7698,4.311700000000002,0.020769757372569836,-1.0666626378491135e-05,69.04203515418767,28.08875331845736,0.0348903,100.0,99.9651097,0.40683553513056697,1.4080698554404445e-05,54.90868656212934,3.4454731280556414,36.6838,69.3473,32.663500000000006,0.06274914487632259,3.736658724763965e-06,54.32640674762208,2.1091373356574032,45.3948,63.6735,18.2787,0.038823427904142074,-1.1557620205671634e-06,71.07592075426552,1.997951947542727,61.519,81.3177,19.798700000000004,0.02811010995482352,-3.255836405059777e-06,0.43689861084054255,0.04084000234279264,0.294889,0.477786,0.18289699999999998,0.09347707071949986,1.4433122504474467e-07,859.2138045633825,3.456164827162172,848.6,871.803,23.202999999999975,0.004022473578527354,-2.1566331496584717e-06,860.0094576916824,0.7000569601086195,857.132,862.618,5.486000000000104,0.0008140107691229523,-1.2644593883827207e-07,859.9996481623097,0.4354836893596629,858.521,861.393,2.872000000000071,0.0005063765901418987,-1.4501906442803024e-09,860.0016827893785,0.4085624835007009,858.227,861.586,3.3590000000000373,0.00047507172564540344,-1.6605979697905504e-08,283.88768421374516,9.648306726582696,269.097,297.646,28.549000000000035,0.0339863518676572,-1.1482843078180746e-06,279.84524345752345,6.606208262864563,269.345,290.716,21.37099999999998,0.02360664837909704,-2.7416207105195754e-07,331.9560832024563,0.1363224468156248,331.407,332.33,0.9230000000000018,0.0004106641020116004,1.721421710270105e-07,332.1883771493905,0.25711331968817147,331.158,332.518,1.3599999999999568,0.0007739985423166791,7.094962887494466e-07,48.54131772911574,-2.033885600077852,0.5822798145072596,0.013121523766500331,-0.7878782259959962,-0.7956531282999322,4.042440756221708,-0.2322939469341918,2022-03-12,2022-03-16,74993.0,20.0,75013.0,0.0002666204524549078
HZC08,38011,2022-03-17T17:43:00,2022-03-18T04:28:00,645.0,1.0181531176006313,70.52554764757042,2.569655853912807,51.8644,79.5325,27.668099999999995,0.03643581566716598,-7.719411704737118e-05,21.248398381222326,2.3712800456636245,6.89683,29.5326,22.63577,0.1115980603864796,-9.3087520322529e-05,100.01088782970717,0.298469699135102,98.9845,101.864,2.8795000000000073,0.0029843720580035164,1.4144412082311667e-06,100.01983670440852,0.21742938289962893,99.1979,101.32,2.122099999999989,0.002173862606296831,2.186350113205248e-07,67.24119891084466,0.5076308328048066,65.7853,68.4028,2.6174999999999926,0.00754940187009271,2.874501337047142e-06,76.73528661657971,20.01121786449157,0.135736,100.0,99.864264,0.26078247370705554,-0.0002016359397625326,56.490249455819345,2.0689516382145094,43.0861,66.1487,23.062600000000003,0.03662493365041029,-4.851320348579486e-05,53.963133711653114,1.4245771128747355,46.7288,60.8104,14.081600000000002,0.026399080536849993,-4.461624495359681e-05,71.05177262797969,1.7734465975966196,61.384,80.6999,19.3159,0.02495992051995968,-1.9724769227250723e-05,0.4502952258420438,0.003667066211377926,0.43121,0.4811,0.049890000000000045,0.008143693294816928,2.6608434480049443e-08,859.4076865080384,2.056891199181114,852.421,869.935,17.513999999999896,0.0023933823626115253,1.0101549714957536e-07,860.0045835311051,0.3778100999679704,858.431,862.222,3.79099999999994,0.000439311728336045,-6.779544005479688e-07,860.0075794901496,0.23019941450992565,858.912,860.96,2.048000000000002,0.00026767137871784575,6.641825409495631e-08,860.0021070028461,0.30664298658767575,858.676,861.997,3.3209999999999127,0.000356560738736261,3.0723197089492936e-07,283.75357553514766,9.578755905860646,269.325,297.571,28.246000000000038,0.033757304688744466,1.4761718929404339e-05,280.0830970552419,6.337255173444204,269.768,289.954,20.186000000000035,0.02262633925457587,2.8147534357851353e-05,332.04122015995017,0.10444421013518584,331.677,332.423,0.7459999999999809,0.0003145519405237495,4.6917300903613926e-07,332.4264227065994,0.11995892358451221,332.02,332.723,0.7030000000000314,0.00036085857016964124,1.382336198128476e-06,49.27714926634809,5.683513988600026,2.527115744166231,-0.008948874701346199,-0.5944204948076504,-0.596897023066731,3.6704784799057393,-0.38520254664922504,2022-03-17,2022-03-17,87704.0,33.0,87737.0,0.0003761240981569919
HZC09,42779,2022-03-18T17:45:00,2022-03-19T05:51:00,726.0,1.0182804245172752,69.7363855837821,3.303684949390966,50.424,79.994,29.57,0.04737390562666717,-5.5902074173104735e-06,19.575682727421576,2.968939103180532,3.91128,33.2608,29.349520000000002,0.151664651727403,-4.669961586848949e-05,99.99816762474414,0.4772533059518167,98.2038,102.154,3.9501999999999953,0.004772620511835482,1.1246580454494928e-06,100.01157852701236,0.3421792985085258,98.0279,101.347,3.3190999999999917,0.0034213968377282016,1.4438557202613266e-06,66.53010279810314,0.38980434611536,65.5628,67.3899,1.8271000000000015,0.0058590672450678045,-9.067695988261083e-06,74.69213343533748,23.979026345675905,0.0800203,100.0,99.9199797,0.32103817688425035,-0.00010565727460802686,56.55735519206486,2.774319605190635,41.4692,69.2846,27.815399999999997,0.04905320617927125,-9.231724671273659e-06,54.00878622284955,1.8403581042733865,45.4495,63.602,18.152499999999996,0.03407516133911531,-4.193881584728452e-05,71.06337739061684,1.9429014567881093,62.2487,82.0298,19.781099999999995,0.027340404131209344,1.4692250347017802e-06,0.4503317607895916,0.004599235142561225,0.424417,0.4847125,0.0602955,0.01021299304871842,2.1071773407221593e-08,858.9681742872212,2.6262229549461784,849.968,869.285,19.317000000000007,0.0030574159014976772,6.456474466921735e-06,859.9971403422605,0.5855438710295341,857.015,862.984,5.969000000000051,0.0006808672303218359,1.1311698466594903e-06,860.003260215269,0.3453239010003789,858.288,861.563,3.2749999999999773,0.0004015378975585979,-6.479894834358248e-08,859.9994695956317,0.36693426318896166,858.245,861.39,3.144999999999982,0.0004266680110413239,1.7549956891353885e-07,283.8354103025614,9.607377613157096,269.297,297.594,28.29699999999997,0.033848410960830695,-2.294633205692129e-05,279.8187897751189,6.231277866212512,269.275,291.107,21.83200000000005,0.02226897582975176,-5.814265902057211e-07,331.9719688047918,0.11371375871336868,331.547,332.369,0.8220000000000027,0.00034254024254751263,-2.2759035286901387e-07,332.39099157633615,0.11485463085730638,331.879,332.618,0.7389999999999759,0.00034554074499016356,2.1766107970578804e-06,50.160702856360516,3.628756044720646,2.54856896921531,-0.013410902268219616,-1.0312953084104493,-1.028966055039291,4.016620527442512,-0.4190227715443484,2022-03-18,2022-03-18,89797.0,16.0,89813.0,0.00017814792958703083
HZC11,41806,2022-03-23T18:10:00,2022-03-24T06:01:00,711.0,1.0204520990312163,71.38960228892816,3.362121753535266,55.6499,81.7236,26.073700000000002,0.047095398289628776,-4.26689601720842e-05,24.02512929799129,3.161564140379465,7.57651,36.7894,29.21289,0.13159405309189323,-6.344891541641939e-05,100.00260455088961,0.469211125991761,98.0944,101.748,3.6536000000000115,0.004691989054674946,-9.74117691867807e-07,100.00114514304086,0.3837892155354637,98.0769,101.39,3.3131000000000057,0.0038378482065029814,-9.764846480053622e-07,65.47986422915585,0.5282524804224352,64.1195,66.6615,2.5420000000000016,0.00806740341693047,-2.1557256174040216e-05,78.79927050703417,28.381894531366733,0.00723329,100.0,99.99276671,0.3601796609123833,-0.00034946664700853176,54.656391801416554,3.207847874864922,43.2473,69.7877,26.540399999999998,0.058691175343590515,9.624662764449288e-07,54.071288402382976,1.9523388642672193,46.3255,64.6483,18.322800000000008,0.03610675687508082,4.315992134589707e-06,70.64245647449494,1.6215709260786877,62.0935,78.3231,16.229599999999998,0.022954622574091074,-6.028782653398487e-06,0.4501509358497814,0.003362642812040537,0.433237,0.471632,0.03839500000000001,0.007470034035789887,2.355327275740648e-09,858.5046927218193,4.744554674092543,841.402,873.433,32.03099999999995,0.005526533185334512,-4.32131565451745e-06,860.0053204969481,0.7008416840685902,856.798,861.919,5.120999999999981,0.0008149271491292794,-2.721735373202539e-07,859.9963073362863,0.41394642913012053,858.601,861.399,2.798000000000002,0.00048133512388240303,-5.814885987940937e-07,859.9992144010328,0.32008720807283997,858.762,861.316,2.5540000000000873,0.00037219476798682014,-3.2895033375693356e-07,283.6673140659781,9.557498567540998,269.086,297.016,27.930000000000007,0.03369263250865069,2.6096593621564364e-07,279.7631487653829,6.380419997083334,269.578,290.275,20.697000000000003,0.022806506236581325,-4.020528985186534e-06,331.9836024981549,0.1051962069710166,331.559,332.378,0.81899999999996,0.00031687169540730936,-1.8241097966409587e-06,332.63889730475734,0.10729997102433766,332.194,332.86,0.6659999999999968,0.00032257192978255787,-2.2534484363773005e-06,47.364472990936875,8.15681403253923,0.5851033990335779,0.0014594078487562001,-1.4945216792134488,-1.5006277751288053,3.9041653005951957,-0.6552948066024555,2022-03-23,2022-03-23,90142.0,17.0,90159.0,0.00018855577368870552
HZC12,28899,2022-03-24T06:06:00,2022-03-24T14:17:00,491.0,1.0194477126444736,71.25970884632686,3.9418663119834982,54.1343,84.9586,30.8243,0.05531690173593356,1.1851197008337987e-05,25.159858301325425,4.145546786769143,9.3955,47.5395,38.144,0.16476828832341853,3.673753798227091e-06,99.99462941135764,0.5404456075226816,97.9677,102.277,4.3093000000000075,0.005404746341920003,2.2352386847987505e-08,100.00288000450158,0.4652420837134435,98.3128,101.476,3.1632000000000033,0.004652286851063698,-2.5493865048682294e-06,64.62436289189786,0.7095790978510451,62.5888,66.1925,3.6036999999999964,0.0109800556028384,9.365339177283274e-06,79.45454181019556,27.124492827040058,0.0373733,100.0,99.9626267,0.3413837926576459,0.0001924598011661149,55.21650908681942,3.1159125091292132,41.8313,66.9572,25.1259,0.05643081318722853,2.4705332795373243e-06,54.356661310656925,1.983949254159795,47.3617,62.7819,15.420200000000001,0.03649873274631808,1.597638675705181e-05,71.35084787708925,1.765347252727069,62.0284,81.3817,19.353299999999997,0.024741783808485362,6.310819353836633e-05,0.45016002583801845,0.0035087609886258254,0.432194,0.474326,0.042132,0.007794474825022306,1.180732741680037e-08,858.6561356196185,4.5477133907421665,843.738,875.055,31.316999999999894,0.00529631502308019,9.662681503870918e-05,859.9796989064806,0.6876414901690456,857.343,862.308,4.965000000000032,0.0007996020034466231,2.1747041895147482e-06,859.99360152276,0.40600329310557515,858.677,861.601,2.923999999999978,0.0004721003649174594,3.6169701439930384e-08,859.9910597718584,0.31962318945602397,858.791,861.211,2.419999999999959,0.0003716587350812865,6.335387675952597e-07,283.4226943694614,9.415838215303157,268.976,296.822,27.846000000000004,0.033221892256196504,6.022109411647519e-05,279.698520764119,6.464634660988986,268.685,289.908,21.223000000000013,0.023112866822920644,-1.1290522741948171e-05,331.88240972799827,0.14446026110434992,331.267,332.35,1.0830000000000268,0.0004352754375344737,7.343357429969443e-07,332.5306947818236,0.19009185586340027,331.954,332.926,0.97199999999998,0.0005716520575284674,-6.36144557262505e-07,46.09985054500143,8.103693933106314,0.8598477761624963,-0.008250593143941387,-1.334924152239978,-1.3235632868621678,3.7241736053424006,-0.6482850538253615,2022-03-23,2022-03-24,57053.0,16.0,57069.0,0.00028036236836110674
HZC14,39697,2022-03-29T00:24:00,2022-03-29T20:19:00,1195.0,1.8062273276904475,71.6166458013777,3.0851489891863113,53.9502,83.621,29.670799999999993,0.04307865796651093,-1.1174538541326192e-08,24.06261141680048,2.950611886696849,9.54922,34.4084,24.859180000000002,0.12262226387601208,2.7355563013492278e-05,100.00425491934392,0.42777202499662315,97.861,101.981,4.11999999999999,0.004277538244164037,1.130105706855175e-06,100.01731723894916,0.3320672118270075,98.2951,101.501,3.2058999999999997,0.003320097169109956,7.978343495730006e-07,67.11150351902447,0.6049780120964617,65.8542,68.684,2.8297999999999917,0.00901452031878507,2.4455097347268032e-05,80.14586276123161,26.871679558630753,0.012512,100.0,99.987488,0.335284675126477,-5.715918418305429e-05,54.80572057528942,3.2954349801562337,41.0931,71.1317,30.038599999999995,0.0601293979089122,5.629139813463673e-05,52.43341260743318,1.9966012693691886,44.2035,61.9438,17.740300000000005,0.03807879689841401,3.238487052519067e-05,71.12173852203179,2.032830202031714,61.359,81.9353,20.576299999999996,0.028582403134057143,5.224341367864798e-05,0.45037244003783383,0.0045083813808961485,0.425687,0.490574,0.06488700000000003,0.010010340287512751,1.5217049584785659e-09,858.196687858087,4.57363327747933,840.924,874.783,33.85900000000004,0.005329353214930649,-8.180662206390457e-06,859.9870287502699,0.6727916695371309,856.966,862.122,5.155999999999949,0.0007823276945407297,3.73271769042861e-07,859.9969666015313,0.3848286776145671,858.765,861.313,2.548000000000002,0.0004474767848720478,-5.925504238413109e-08,859.9936187021351,0.320926736972834,858.908,861.143,2.2350000000000136,0.0003731733933760609,4.3683905199876496e-07,283.8046343006602,9.634543070396537,269.012,297.382,28.370000000000005,0.033947800373794405,5.1586187437462334e-06,279.76515389072136,6.243626472156298,269.088,290.237,21.149,0.02231738436801572,6.02781868316234e-06,332.05072644028627,0.1340772727005911,331.544,332.499,0.9550000000000409,0.00040378551234611636,-1.9963044365430636e-06,332.6183610970959,0.14347525211527296,332.072,332.922,0.8500000000000227,0.00043135096824492667,-4.772990609479139e-06,47.55403438457722,9.024124239199821,2.372307967856237,-0.013062319605239736,-1.79693084404812,-1.7903408921829396,4.039480409938847,-0.5676346568096164,2022-03-28,2022-03-29,89706.0,19.0,89725.0,0.0002117581499024798
HZC15,36888,2022-03-29T20:20:00,2022-03-31T09:48:00,2248.0,3.6565727763168594,71.89454653545837,3.0547397234729154,54.4114,82.055,27.643600000000006,0.042489171580855835,-1.0483883079376133e-05,24.04460530294439,2.8845017094881675,7.69984,38.3928,30.69296,0.11996461048728235,-1.0001462180367079e-05,100.00047325480446,0.42011708772698075,98.1281,102.013,3.884900000000002,0.0042011509951208805,3.5007451549402443e-07,100.00516519546744,0.36293000743887227,97.8706,101.526,3.6554,0.0036291126236279786,5.517230082096754e-07,68.31149497614152,0.6291428809341454,66.8375,69.685,2.8474999999999966,0.009209912345702285,9.207465915867334e-06,80.85299718721667,27.22396259837098,0.000850055,100.0,99.999149945,0.336709380548174,-2.1480143970649497e-05,55.17252145413151,2.91696046637205,41.9562,69.4079,27.451699999999995,0.05286980528517458,5.1493140890888e-06,53.28123561727405,1.7871514192126794,44.8741,61.851,16.9769,0.03354185387234668,3.466252917868234e-08,71.04406481240487,1.64117698061633,63.2511,77.7074,14.456300000000006,0.0231008316451196,-6.389788353324531e-08,0.4504739140370856,0.0037624124618529887,0.4310135,0.473526,0.04251250000000001,0.008352120610347362,2.9972795680243355e-09,858.045725906144,4.24937149141063,841.294,873.725,32.43100000000004,0.004952383495556788,-7.687034867554523e-06,859.9952350349675,0.6264745176531721,856.773,862.189,5.41599999999994,0.0007284627776195754,-2.8649424971089276e-07,860.0008639012995,0.3635612576418614,858.657,861.729,3.0720000000000027,0.00042274522375780615,-2.0872484535077324e-07,860.0050829198656,0.2825168746628188,858.818,861.295,2.4769999999999754,0.00032850605220102335,-2.0415299044107812e-07,284.07250277875846,9.578234724718417,269.086,297.331,28.245000000000005,0.03371757079979735,3.075445137618795e-06,279.77836796442466,6.108277644891586,268.764,290.865,22.101,0.02183255871185969,-4.120080320617853e-06,332.0243784871852,0.12982694039885828,331.502,332.458,0.9560000000000173,0.00039101628919657505,-2.970181243630739e-07,332.56628899069733,0.11173199894137033,332.207,332.863,0.6560000000000059,0.00033596910643127675,8.526944652981004e-09,47.849941232513984,9.808932374811803,1.8912858368574632,-0.004691940662979732,-1.9593570137216147,-1.9495091288235926,4.294134814333802,-0.5419105035121561,2022-03-29,2022-03-30,82584.0,46.0,82630.0,0.0005566985356408084
HZC16,21334,2022-04-01T05:52:00,2022-04-01T11:54:00,362.0,1.0181409084516946,70.40743030182286,3.1143436922342977,54.5711,80.978,26.406899999999993,0.04423316798928347,8.600927133192651e-05,24.501908210325777,3.3402595879055847,10.1083,40.1806,30.0723,0.1363265080920476,6.599528596329099e-05,99.99297076087566,0.39972860408717653,98.2506,101.779,3.5283999999999907,0.003997567039418122,8.952465728005377e-07,100.00501897228519,0.3923825643269785,98.0407,101.364,3.3233000000000033,0.003923628717431883,-5.5088742998363704e-06,66.66970869919778,0.5133228528391033,65.347,67.5833,2.2363,0.007699491461034086,5.3066164215096094e-05,80.9048653253759,22.904407761859975,0.0706517,100.0,99.9293483,0.28310297124585887,0.0001713290318684261,53.929766555519684,2.2371219771322335,44.147,67.3276,23.180600000000005,0.0414821372317486,4.783963783717496e-05,53.91934877766629,1.6226773569575392,46.4033,61.4248,15.021499999999996,0.030094528100637254,1.983677537397692e-05,69.8987138270532,1.5302674135035434,62.7031,77.9108,15.207699999999996,0.021892640503941255,6.38722691615752e-05,0.45015882922906864,0.0030400108615980435,0.435232,0.468488,0.03325600000000001,0.0067531961259191435,-2.805350078665934e-09,858.3745031452003,2.741792437555861,849.973,865.639,15.666000000000054,0.003194168078746005,0.00011873594465919048,859.9638362670942,0.48296067978338925,858.232,861.424,3.1920000000000073,0.0005616058017972138,8.238925505086905e-06,859.9975420006418,0.3096029852147717,859.12,860.965,1.8450000000000273,0.00036000450012279293,-1.1009708102405628e-06,859.993800346905,0.2737322466170258,859.006,860.981,1.9750000000000227,0.0003182956045806463,-2.66013106739074e-06,283.34860201565454,9.617316024949783,269.121,296.931,27.810000000000002,0.03394163922650461,2.2877981215423645e-05,279.2152039936245,6.643554914179229,266.426,290.318,23.891999999999996,0.02379367175983341,4.371595734113485e-05,331.9698550300126,0.11848362819797648,331.488,332.313,0.8249999999999886,0.00035691080501048703,5.245842272181516e-06,332.5971501969041,0.16159160913564105,332.048,332.857,0.8090000000000259,0.0004858478463810517,2.0762650952783486e-05,45.905522091497076,11.006151498322694,0.01041777785339093,-0.012048211409521059,-1.6192972017047396,-1.589333121893901,4.133398022030008,-0.6272951668915425,2022-03-31,2022-04-01,89833.0,10.0,89843.0,0.00011130527698318177
